mean_fit_time,std_fit_time,mean_score_time,std_score_time,param_max_depth,param_max_features,param_min_samples_leaf,param_min_samples_split,param_n_estimators,params,split0_test_score,split1_test_score,split2_test_score,split3_test_score,split4_test_score,mean_test_score,std_test_score,rank_test_score
0.6431553840637207,0.040640430385916144,0.015749216079711914,0.0011698524826064458,10,sqrt,5,5,100,"{'max_depth': 10, 'max_features': 'sqrt', 'min_samples_leaf': 5, 'min_samples_split': 5, 'n_estimators': 100}",0.7237609329446064,0.7346938775510204,0.7295918367346939,0.6997084548104956,0.7323121808898614,0.7240134565861356,0.012687438052196546,61
1.4147581577301025,0.039806037847844096,0.03374004364013672,0.01113366515504884,10,sqrt,5,5,200,"{'max_depth': 10, 'max_features': 'sqrt', 'min_samples_leaf': 5, 'min_samples_split': 5, 'n_estimators': 200}",0.7266763848396501,0.7383381924198251,0.7274052478134111,0.7026239067055393,0.7403355215171408,0.7270758506591133,0.01342255453878433,53
1.8693089962005616,0.07655061297381476,0.040234041213989255,0.002143909876509868,10,sqrt,5,5,300,"{'max_depth': 10, 'max_features': 'sqrt', 'min_samples_leaf': 5, 'min_samples_split': 5, 'n_estimators': 300}",0.7244897959183674,0.7383381924198251,0.7259475218658892,0.7033527696793003,0.7396061269146609,0.7263468813596086,0.01305324909698601,55
0.5869387626647949,0.03773573468411187,0.0124908447265625,0.0017569643973438453,10,sqrt,5,10,100,"{'max_depth': 10, 'max_features': 'sqrt', 'min_samples_leaf': 5, 'min_samples_split': 10, 'n_estimators': 100}",0.7237609329446064,0.7346938775510204,0.7295918367346939,0.6997084548104956,0.7323121808898614,0.7240134565861356,0.012687438052196546,61
1.26271390914917,0.046231363992413975,0.02283759117126465,0.001775185575315989,10,sqrt,5,10,200,"{'max_depth': 10, 'max_features': 'sqrt', 'min_samples_leaf': 5, 'min_samples_split': 10, 'n_estimators': 200}",0.7266763848396501,0.7383381924198251,0.7274052478134111,0.7026239067055393,0.7403355215171408,0.7270758506591133,0.01342255453878433,53
1.6569047451019288,0.04203557515762311,0.030979251861572264,0.0012626656736849122,10,sqrt,5,10,300,"{'max_depth': 10, 'max_features': 'sqrt', 'min_samples_leaf': 5, 'min_samples_split': 10, 'n_estimators': 300}",0.7244897959183674,0.7383381924198251,0.7259475218658892,0.7033527696793003,0.7396061269146609,0.7263468813596086,0.01305324909698601,55
0.5449424266815186,0.012679709471868238,0.011267614364624024,0.0010144360432035404,10,sqrt,5,15,100,"{'max_depth': 10, 'max_features': 'sqrt', 'min_samples_leaf': 5, 'min_samples_split': 15, 'n_estimators': 100}",0.7223032069970845,0.7274052478134111,0.7325072886297376,0.6946064139941691,0.738147337709701,0.7229938990288206,0.01513880870959542,63
1.0753307342529297,0.05067189807382794,0.022119617462158202,0.00251050885035592,10,sqrt,5,15,200,"{'max_depth': 10, 'max_features': 'sqrt', 'min_samples_leaf': 5, 'min_samples_split': 15, 'n_estimators': 200}",0.7230320699708455,0.7397959183673469,0.7274052478134111,0.7018950437317785,0.7359591539022611,0.7256174867571287,0.013271117322294223,58
1.6193147659301759,0.06965079831516724,0.030623149871826173,0.0026129750571247602,10,sqrt,5,15,300,"{'max_depth': 10, 'max_features': 'sqrt', 'min_samples_leaf': 5, 'min_samples_split': 15, 'n_estimators': 300}",0.7259475218658892,0.7383381924198251,0.7259475218658892,0.7026239067055393,0.7366885485047411,0.7259091382723769,0.012750545303472702,57
0.5274084091186524,0.020428964438064565,0.011725091934204101,0.0013915380105373745,10,sqrt,10,5,100,"{'max_depth': 10, 'max_features': 'sqrt', 'min_samples_leaf': 10, 'min_samples_split': 5, 'n_estimators': 100}",0.7135568513119533,0.728134110787172,0.728134110787172,0.6975218658892128,0.7308533916849015,0.7196400660920823,0.012619481318107594,70
1.055993127822876,0.048937936724143635,0.022705268859863282,0.0010118335445036097,10,sqrt,10,5,200,"{'max_depth': 10, 'max_features': 'sqrt', 'min_samples_leaf': 10, 'min_samples_split': 5, 'n_estimators': 200}",0.717201166180758,0.7346938775510204,0.7303206997084548,0.6989795918367347,0.7301239970824216,0.7222638664718779,0.01303063904777428,64
1.6106021404266357,0.05457845382110701,0.03127684593200684,0.0033270689559699203,10,sqrt,10,5,300,"{'max_depth': 10, 'max_features': 'sqrt', 'min_samples_leaf': 10, 'min_samples_split': 5, 'n_estimators': 300}",0.717930029154519,0.7368804664723032,0.7244897959183674,0.6997084548104956,0.7308533916849015,0.7219724276081173,0.01280221667454159,67
0.5061585903167725,0.011320572632299585,0.013372230529785156,0.00211903250268644,10,sqrt,10,10,100,"{'max_depth': 10, 'max_features': 'sqrt', 'min_samples_leaf': 10, 'min_samples_split': 10, 'n_estimators': 100}",0.7135568513119533,0.728134110787172,0.728134110787172,0.6975218658892128,0.7308533916849015,0.7196400660920823,0.012619481318107594,70
1.0468842029571532,0.07117016478384473,0.02135019302368164,0.002405022489969252,10,sqrt,10,10,200,"{'max_depth': 10, 'max_features': 'sqrt', 'min_samples_leaf': 10, 'min_samples_split': 10, 'n_estimators': 200}",0.717201166180758,0.7346938775510204,0.7303206997084548,0.6989795918367347,0.7301239970824216,0.7222638664718779,0.01303063904777428,64
1.5693671703338623,0.051449936863971125,0.032867145538330075,0.0028963637393900617,10,sqrt,10,10,300,"{'max_depth': 10, 'max_features': 'sqrt', 'min_samples_leaf': 10, 'min_samples_split': 10, 'n_estimators': 300}",0.717930029154519,0.7368804664723032,0.7244897959183674,0.6997084548104956,0.7308533916849015,0.7219724276081173,0.01280221667454159,67
0.5276027202606202,0.017525803199297696,0.011581230163574218,0.0014941000165316905,10,sqrt,10,15,100,"{'max_depth': 10, 'max_features': 'sqrt', 'min_samples_leaf': 10, 'min_samples_split': 15, 'n_estimators': 100}",0.7135568513119533,0.728134110787172,0.728134110787172,0.6975218658892128,0.7308533916849015,0.7196400660920823,0.012619481318107594,70
1.0918322563171388,0.0504808271436812,0.02509932518005371,0.006012418354216378,10,sqrt,10,15,200,"{'max_depth': 10, 'max_features': 'sqrt', 'min_samples_leaf': 10, 'min_samples_split': 15, 'n_estimators': 200}",0.717201166180758,0.7346938775510204,0.7303206997084548,0.6989795918367347,0.7301239970824216,0.7222638664718779,0.01303063904777428,64
1.6476663589477538,0.05869605468278357,0.03239197731018066,0.0008628980892077673,10,sqrt,10,15,300,"{'max_depth': 10, 'max_features': 'sqrt', 'min_samples_leaf': 10, 'min_samples_split': 15, 'n_estimators': 300}",0.717930029154519,0.7368804664723032,0.7244897959183674,0.6997084548104956,0.7308533916849015,0.7219724276081173,0.01280221667454159,67
0.46741771697998047,0.021863775607631836,0.010387039184570313,0.002146289706724467,10,sqrt,20,5,100,"{'max_depth': 10, 'max_features': 'sqrt', 'min_samples_leaf': 20, 'min_samples_split': 5, 'n_estimators': 100}",0.6997084548104956,0.7266763848396501,0.7164723032069971,0.6953352769679301,0.7213712618526623,0.711912736335547,0.012263566518705353,117
0.9816506862640381,0.04038121658523414,0.01979970932006836,0.0031494366906694507,10,sqrt,20,5,200,"{'max_depth': 10, 'max_features': 'sqrt', 'min_samples_leaf': 20, 'min_samples_split': 5, 'n_estimators': 200}",0.7040816326530612,0.7295918367346939,0.7128279883381924,0.6946064139941691,0.7221006564551422,0.7126417056350517,0.012452790773044642,110
1.4678067684173584,0.046462052889959575,0.03156590461730957,0.0036490453310536173,10,sqrt,20,5,300,"{'max_depth': 10, 'max_features': 'sqrt', 'min_samples_leaf': 20, 'min_samples_split': 5, 'n_estimators': 300}",0.706268221574344,0.7295918367346939,0.7077259475218659,0.6931486880466472,0.7221006564551422,0.7117670700665386,0.012788412486502776,120
0.47137107849121096,0.022433717637197745,0.010613632202148438,0.0020904116349971056,10,sqrt,20,10,100,"{'max_depth': 10, 'max_features': 'sqrt', 'min_samples_leaf': 20, 'min_samples_split': 10, 'n_estimators': 100}",0.6997084548104956,0.7266763848396501,0.7164723032069971,0.6953352769679301,0.7213712618526623,0.711912736335547,0.012263566518705353,117
0.9594357490539551,0.022991693592384996,0.024109458923339842,0.0028961015042337323,10,sqrt,20,10,200,"{'max_depth': 10, 'max_features': 'sqrt', 'min_samples_leaf': 20, 'min_samples_split': 10, 'n_estimators': 200}",0.7040816326530612,0.7295918367346939,0.7128279883381924,0.6946064139941691,0.7221006564551422,0.7126417056350517,0.012452790773044642,110
1.4596482276916505,0.06883611069936296,0.032737350463867186,0.0027495584056842896,10,sqrt,20,10,300,"{'max_depth': 10, 'max_features': 'sqrt', 'min_samples_leaf': 20, 'min_samples_split': 10, 'n_estimators': 300}",0.706268221574344,0.7295918367346939,0.7077259475218659,0.6931486880466472,0.7221006564551422,0.7117670700665386,0.012788412486502776,120
0.5191163539886474,0.013903937372252784,0.01395421028137207,0.0029073159356044357,10,sqrt,20,15,100,"{'max_depth': 10, 'max_features': 'sqrt', 'min_samples_leaf': 20, 'min_samples_split': 15, 'n_estimators': 100}",0.6997084548104956,0.7266763848396501,0.7164723032069971,0.6953352769679301,0.7213712618526623,0.711912736335547,0.012263566518705353,117
0.969187593460083,0.03938106326378098,0.020021724700927734,0.0018784631149841387,10,sqrt,20,15,200,"{'max_depth': 10, 'max_features': 'sqrt', 'min_samples_leaf': 20, 'min_samples_split': 15, 'n_estimators': 200}",0.7040816326530612,0.7295918367346939,0.7128279883381924,0.6946064139941691,0.7221006564551422,0.7126417056350517,0.012452790773044642,110
1.469066047668457,0.03215587207646596,0.029753351211547853,0.0017540827547961979,10,sqrt,20,15,300,"{'max_depth': 10, 'max_features': 'sqrt', 'min_samples_leaf': 20, 'min_samples_split': 15, 'n_estimators': 300}",0.706268221574344,0.7295918367346939,0.7077259475218659,0.6931486880466472,0.7221006564551422,0.7117670700665386,0.012788412486502776,120
0.4017946720123291,0.018181709032454696,0.012108039855957032,0.002227290789844339,10,log2,5,5,100,"{'max_depth': 10, 'max_features': 'log2', 'min_samples_leaf': 5, 'min_samples_split': 5, 'n_estimators': 100}",0.7164723032069971,0.7150145772594753,0.7099125364431487,0.6967930029154519,0.7221006564551422,0.712058615256043,0.00856394206592852,113
0.8451143264770508,0.04531116736924714,0.021340465545654295,0.0030568039183219,10,log2,5,5,200,"{'max_depth': 10, 'max_features': 'log2', 'min_samples_leaf': 5, 'min_samples_split': 5, 'n_estimators': 200}",0.7142857142857143,0.7215743440233237,0.7077259475218659,0.6931486880466472,0.7228300510576222,0.7119129489870346,0.010842362812023502,115
1.2962040424346923,0.05636261275336369,0.02766275405883789,0.0019318651916312864,10,log2,5,5,300,"{'max_depth': 10, 'max_features': 'log2', 'min_samples_leaf': 5, 'min_samples_split': 5, 'n_estimators': 300}",0.7106413994169096,0.7252186588921283,0.7084548104956269,0.6909620991253644,0.7199124726477024,0.7110378881155462,0.011744950466420283,123
0.4134026527404785,0.029821490337647964,0.010693788528442383,0.0011222719558002527,10,log2,5,10,100,"{'max_depth': 10, 'max_features': 'log2', 'min_samples_leaf': 5, 'min_samples_split': 10, 'n_estimators': 100}",0.7164723032069971,0.7150145772594753,0.7099125364431487,0.6967930029154519,0.7221006564551422,0.712058615256043,0.00856394206592852,113
0.8394717693328857,0.04646951531926517,0.025007057189941406,0.005070212703762302,10,log2,5,10,200,"{'max_depth': 10, 'max_features': 'log2', 'min_samples_leaf': 5, 'min_samples_split': 10, 'n_estimators': 200}",0.7142857142857143,0.7215743440233237,0.7077259475218659,0.6931486880466472,0.7228300510576222,0.7119129489870346,0.010842362812023502,115
1.250443696975708,0.0366077655424243,0.03489451408386231,0.004361701176322047,10,log2,5,10,300,"{'max_depth': 10, 'max_features': 'log2', 'min_samples_leaf': 5, 'min_samples_split': 10, 'n_estimators': 300}",0.7106413994169096,0.7252186588921283,0.7084548104956269,0.6909620991253644,0.7199124726477024,0.7110378881155462,0.011744950466420283,123
0.40375456809997556,0.018733274108202087,0.010996770858764649,0.002145540836896857,10,log2,5,15,100,"{'max_depth': 10, 'max_features': 'log2', 'min_samples_leaf': 5, 'min_samples_split': 15, 'n_estimators': 100}",0.6989795918367347,0.7201166180758017,0.7099125364431487,0.6829446064139941,0.7228300510576222,0.7069566807654603,0.014656729373694957,132
0.8116856098175049,0.010702633505464246,0.021265268325805664,0.0018288553584638362,10,log2,5,15,200,"{'max_depth': 10, 'max_features': 'log2', 'min_samples_leaf': 5, 'min_samples_split': 15, 'n_estimators': 200}",0.7011661807580175,0.7266763848396501,0.717201166180758,0.6895043731778425,0.7286652078774617,0.712642662566746,0.01510984675512378,109
1.2148955821990968,0.04290867698869992,0.032156848907470705,0.002400864099176239,10,log2,5,15,300,"{'max_depth': 10, 'max_features': 'log2', 'min_samples_leaf': 5, 'min_samples_split': 15, 'n_estimators': 300}",0.6975218658892128,0.7230320699708455,0.706997084548105,0.6887755102040817,0.7308533916849015,0.7094359844594293,0.015609667030618979,125
0.4000246524810791,0.01580136984663497,0.012070322036743164,0.002695051105806657,10,log2,10,5,100,"{'max_depth': 10, 'max_features': 'log2', 'min_samples_leaf': 10, 'min_samples_split': 5, 'n_estimators': 100}",0.6982507288629738,0.717201166180758,0.706997084548105,0.6982507288629738,0.7228300510576222,0.7087059519024865,0.009931791860733284,129
0.7850991249084472,0.03451107616345249,0.01899576187133789,0.003420930994661609,10,log2,10,5,200,"{'max_depth': 10, 'max_features': 'log2', 'min_samples_leaf': 10, 'min_samples_split': 5, 'n_estimators': 200}",0.7040816326530612,0.7259475218658892,0.7099125364431487,0.6909620991253644,0.7162654996353027,0.7094338579445532,0.011742689188152793,126
1.1791337490081788,0.07201297131418151,0.028833580017089844,0.0021361983213815743,10,log2,10,5,300,"{'max_depth': 10, 'max_features': 'log2', 'min_samples_leaf': 10, 'min_samples_split': 5, 'n_estimators': 300}",0.7018950437317785,0.7201166180758017,0.7040816326530612,0.6887755102040817,0.7184536834427425,0.7066644976214932,0.011570472762309655,133
0.4196918964385986,0.01887642135661713,0.011943912506103516,0.0018282846742561853,10,log2,10,10,100,"{'max_depth': 10, 'max_features': 'log2', 'min_samples_leaf': 10, 'min_samples_split': 10, 'n_estimators': 100}",0.6982507288629738,0.717201166180758,0.706997084548105,0.6982507288629738,0.7228300510576222,0.7087059519024865,0.009931791860733284,129
0.7797766208648682,0.022576088250690504,0.022275352478027345,0.0034187632640731136,10,log2,10,10,200,"{'max_depth': 10, 'max_features': 'log2', 'min_samples_leaf': 10, 'min_samples_split': 10, 'n_estimators': 200}",0.7040816326530612,0.7259475218658892,0.7099125364431487,0.6909620991253644,0.7162654996353027,0.7094338579445532,0.011742689188152793,126
1.1565677165985107,0.042851059977959995,0.02864704132080078,0.0029399239965291063,10,log2,10,10,300,"{'max_depth': 10, 'max_features': 'log2', 'min_samples_leaf': 10, 'min_samples_split': 10, 'n_estimators': 300}",0.7018950437317785,0.7201166180758017,0.7040816326530612,0.6887755102040817,0.7184536834427425,0.7066644976214932,0.011570472762309655,133
0.4032923221588135,0.024977079042842368,0.009817552566528321,0.0012093372067746178,10,log2,10,15,100,"{'max_depth': 10, 'max_features': 'log2', 'min_samples_leaf': 10, 'min_samples_split': 15, 'n_estimators': 100}",0.6982507288629738,0.717201166180758,0.706997084548105,0.6982507288629738,0.7228300510576222,0.7087059519024865,0.009931791860733284,129
0.7858200073242188,0.04559701003330752,0.02248520851135254,0.0039941581981985785,10,log2,10,15,200,"{'max_depth': 10, 'max_features': 'log2', 'min_samples_leaf': 10, 'min_samples_split': 15, 'n_estimators': 200}",0.7040816326530612,0.7259475218658892,0.7099125364431487,0.6909620991253644,0.7162654996353027,0.7094338579445532,0.011742689188152793,126
1.1783751487731933,0.05705227104348236,0.026841449737548827,0.00339067737943772,10,log2,10,15,300,"{'max_depth': 10, 'max_features': 'log2', 'min_samples_leaf': 10, 'min_samples_split': 15, 'n_estimators': 300}",0.7018950437317785,0.7201166180758017,0.7040816326530612,0.6887755102040817,0.7184536834427425,0.7066644976214932,0.011570472762309655,133
0.3767981052398682,0.04467438704482184,0.00983743667602539,0.001522456207683441,10,log2,20,5,100,"{'max_depth': 10, 'max_features': 'log2', 'min_samples_leaf': 20, 'min_samples_split': 5, 'n_estimators': 100}",0.6953352769679301,0.7004373177842566,0.7091836734693877,0.6807580174927114,0.7067833698030634,0.6984995311034699,0.01011238555783282,154
0.7425800323486328,0.039320481018416766,0.02008824348449707,0.0024744236017261224,10,log2,20,5,200,"{'max_depth': 10, 'max_features': 'log2', 'min_samples_leaf': 20, 'min_samples_split': 5, 'n_estimators': 200}",0.6938775510204082,0.7084548104956269,0.7004373177842566,0.674198250728863,0.7089715536105032,0.6971878967279316,0.012773714138354264,157
1.0826189994812012,0.04407288696864024,0.023690176010131837,0.0020447700883519256,10,log2,20,5,300,"{'max_depth': 10, 'max_features': 'log2', 'min_samples_leaf': 20, 'min_samples_split': 5, 'n_estimators': 300}",0.6931486880466472,0.7077259475218659,0.6967930029154519,0.6749271137026239,0.711889132020423,0.6968967768414023,0.012951962696927407,160
0.3765385627746582,0.016799924633212653,0.009764909744262695,0.0021149140260280155,10,log2,20,10,100,"{'max_depth': 10, 'max_features': 'log2', 'min_samples_leaf': 20, 'min_samples_split': 10, 'n_estimators': 100}",0.6953352769679301,0.7004373177842566,0.7091836734693877,0.6807580174927114,0.7067833698030634,0.6984995311034699,0.01011238555783282,154
0.7323304176330566,0.04890230194512777,0.018831777572631835,0.0036954377798547565,10,log2,20,10,200,"{'max_depth': 10, 'max_features': 'log2', 'min_samples_leaf': 20, 'min_samples_split': 10, 'n_estimators': 200}",0.6938775510204082,0.7084548104956269,0.7004373177842566,0.674198250728863,0.7089715536105032,0.6971878967279316,0.012773714138354264,157
1.0911469459533691,0.06650894902295691,0.026456832885742188,0.00393457149607975,10,log2,20,10,300,"{'max_depth': 10, 'max_features': 'log2', 'min_samples_leaf': 20, 'min_samples_split': 10, 'n_estimators': 300}",0.6931486880466472,0.7077259475218659,0.6967930029154519,0.6749271137026239,0.711889132020423,0.6968967768414023,0.012951962696927407,160
0.38532252311706544,0.026313558800325435,0.009230995178222656,0.0018051350823483834,10,log2,20,15,100,"{'max_depth': 10, 'max_features': 'log2', 'min_samples_leaf': 20, 'min_samples_split': 15, 'n_estimators': 100}",0.6953352769679301,0.7004373177842566,0.7091836734693877,0.6807580174927114,0.7067833698030634,0.6984995311034699,0.01011238555783282,154
0.7467378139495849,0.015792865223775793,0.017263412475585938,0.003435457505438528,10,log2,20,15,200,"{'max_depth': 10, 'max_features': 'log2', 'min_samples_leaf': 20, 'min_samples_split': 15, 'n_estimators': 200}",0.6938775510204082,0.7084548104956269,0.7004373177842566,0.674198250728863,0.7089715536105032,0.6971878967279316,0.012773714138354264,157
1.051595973968506,0.03340730464564532,0.026898193359375,0.0020757028617751326,10,log2,20,15,300,"{'max_depth': 10, 'max_features': 'log2', 'min_samples_leaf': 20, 'min_samples_split': 15, 'n_estimators': 300}",0.6931486880466472,0.7077259475218659,0.6967930029154519,0.6749271137026239,0.711889132020423,0.6968967768414023,0.012951962696927407,160
0.6654060363769532,0.03364986106720276,0.015457582473754884,0.002195815172218789,15,sqrt,5,5,100,"{'max_depth': 15, 'max_features': 'sqrt', 'min_samples_leaf': 5, 'min_samples_split': 5, 'n_estimators': 100}",0.7470845481049563,0.75,0.7441690962099126,0.7186588921282799,0.75127644055434,0.7422377953994977,0.012042711825638238,12
1.3129190444946288,0.04963665755873265,0.0319028377532959,0.004396791367434666,15,sqrt,5,5,200,"{'max_depth': 15, 'max_features': 'sqrt', 'min_samples_leaf': 5, 'min_samples_split': 5, 'n_estimators': 200}",0.75,0.7463556851311953,0.7470845481049563,0.717201166180758,0.74981765134938,0.7420918101532579,0.01252900880586623,14
1.9777276515960693,0.028078678122659458,0.04031109809875488,0.0048121250635211,15,sqrt,5,5,300,"{'max_depth': 15, 'max_features': 'sqrt', 'min_samples_leaf': 5, 'min_samples_split': 5, 'n_estimators': 300}",0.7470845481049563,0.7529154518950437,0.7448979591836735,0.717930029154519,0.7490882567469,0.7423832490170186,0.012508160281207768,10
0.6496454238891601,0.03879917506044229,0.01535191535949707,0.0025659097456990293,15,sqrt,5,10,100,"{'max_depth': 15, 'max_features': 'sqrt', 'min_samples_leaf': 5, 'min_samples_split': 10, 'n_estimators': 100}",0.7470845481049563,0.75,0.7441690962099126,0.7186588921282799,0.75127644055434,0.7422377953994977,0.012042711825638238,12
1.324855661392212,0.041165926823499815,0.025639152526855467,0.003654760156978094,15,sqrt,5,10,200,"{'max_depth': 15, 'max_features': 'sqrt', 'min_samples_leaf': 5, 'min_samples_split': 10, 'n_estimators': 200}",0.75,0.7463556851311953,0.7470845481049563,0.717201166180758,0.74981765134938,0.7420918101532579,0.01252900880586623,14
1.9802536964416504,0.05763557343442441,0.042031717300415036,0.003687803207225389,15,sqrt,5,10,300,"{'max_depth': 15, 'max_features': 'sqrt', 'min_samples_leaf': 5, 'min_samples_split': 10, 'n_estimators': 300}",0.7470845481049563,0.7529154518950437,0.7448979591836735,0.717930029154519,0.7490882567469,0.7423832490170186,0.012508160281207768,10
0.6517932415008545,0.024142498586060046,0.015334844589233398,0.003036149174188523,15,sqrt,5,15,100,"{'max_depth': 15, 'max_features': 'sqrt', 'min_samples_leaf': 5, 'min_samples_split': 15, 'n_estimators': 100}",0.7368804664723032,0.7529154518950437,0.7405247813411079,0.7077259475218659,0.7541940189642596,0.7384481332389161,0.01678010112030269,18
1.2931782722473144,0.030215318713351043,0.027357959747314455,0.002473819162049893,15,sqrt,5,15,200,"{'max_depth': 15, 'max_features': 'sqrt', 'min_samples_leaf': 5, 'min_samples_split': 15, 'n_estimators': 200}",0.7405247813411079,0.7521865889212828,0.75,0.7113702623906706,0.75127644055434,0.7410716146414802,0.015426383519462666,17
1.9520042896270753,0.029565062853796738,0.03959331512451172,0.0033490089721407647,15,sqrt,5,15,300,"{'max_depth': 15, 'max_features': 'sqrt', 'min_samples_leaf': 5, 'min_samples_split': 15, 'n_estimators': 300}",0.7405247813411079,0.7558309037900874,0.7456268221574344,0.7142857142857143,0.7520058351568198,0.7416548113462327,0.01465760282248717,16
0.5950692176818848,0.017684431330472223,0.012624406814575195,0.0022641241206412975,15,sqrt,10,5,100,"{'max_depth': 15, 'max_features': 'sqrt', 'min_samples_leaf': 10, 'min_samples_split': 5, 'n_estimators': 100}",0.7303206997084548,0.7434402332361516,0.7325072886297376,0.7099125364431487,0.7454412837345004,0.7323244083503986,0.0126645511459201,32
1.200204086303711,0.04732881814936739,0.026821279525756837,0.00335611204164773,15,sqrt,10,5,200,"{'max_depth': 15, 'max_features': 'sqrt', 'min_samples_leaf': 10, 'min_samples_split': 5, 'n_estimators': 200}",0.7288629737609329,0.7434402332361516,0.7339650145772595,0.7084548104956269,0.7388767323121809,0.7307199528764303,0.012149518058823784,39
1.8247930526733398,0.0711347238502423,0.03831138610839844,0.005154598733200461,15,sqrt,10,5,300,"{'max_depth': 15, 'max_features': 'sqrt', 'min_samples_leaf': 10, 'min_samples_split': 5, 'n_estimators': 300}",0.7310495626822158,0.7485422740524781,0.7361516034985423,0.7091836734693877,0.7432530999270606,0.733636042725937,0.013606026670897811,21
0.6010210037231445,0.04251008832080638,0.015069818496704102,0.0034613699984507263,15,sqrt,10,10,100,"{'max_depth': 15, 'max_features': 'sqrt', 'min_samples_leaf': 10, 'min_samples_split': 10, 'n_estimators': 100}",0.7303206997084548,0.7434402332361516,0.7325072886297376,0.7099125364431487,0.7454412837345004,0.7323244083503986,0.0126645511459201,32
1.1973618030548097,0.03566549908872982,0.026807022094726563,0.0024175568369835775,15,sqrt,10,10,200,"{'max_depth': 15, 'max_features': 'sqrt', 'min_samples_leaf': 10, 'min_samples_split': 10, 'n_estimators': 200}",0.7288629737609329,0.7434402332361516,0.7339650145772595,0.7084548104956269,0.7388767323121809,0.7307199528764303,0.012149518058823784,39
1.8153113842010498,0.030098294096955736,0.038488340377807614,0.00508952186354127,15,sqrt,10,10,300,"{'max_depth': 15, 'max_features': 'sqrt', 'min_samples_leaf': 10, 'min_samples_split': 10, 'n_estimators': 300}",0.7310495626822158,0.7485422740524781,0.7361516034985423,0.7091836734693877,0.7432530999270606,0.733636042725937,0.013606026670897811,21
0.6054788112640381,0.03586554585952662,0.014349126815795898,0.0015723461781164169,15,sqrt,10,15,100,"{'max_depth': 15, 'max_features': 'sqrt', 'min_samples_leaf': 10, 'min_samples_split': 15, 'n_estimators': 100}",0.7303206997084548,0.7434402332361516,0.7325072886297376,0.7099125364431487,0.7454412837345004,0.7323244083503986,0.0126645511459201,32
1.1976402282714844,0.02379303689591324,0.02734055519104004,0.0018392646941760582,15,sqrt,10,15,200,"{'max_depth': 15, 'max_features': 'sqrt', 'min_samples_leaf': 10, 'min_samples_split': 15, 'n_estimators': 200}",0.7288629737609329,0.7434402332361516,0.7339650145772595,0.7084548104956269,0.7388767323121809,0.7307199528764303,0.012149518058823784,39
1.777675247192383,0.048187212589271215,0.03929262161254883,0.002965869402400422,15,sqrt,10,15,300,"{'max_depth': 15, 'max_features': 'sqrt', 'min_samples_leaf': 10, 'min_samples_split': 15, 'n_estimators': 300}",0.7310495626822158,0.7485422740524781,0.7361516034985423,0.7091836734693877,0.7432530999270606,0.733636042725937,0.013606026670897811,21
0.5188995361328125,0.01893063858461043,0.012983894348144532,0.0020817300005633275,15,sqrt,20,5,100,"{'max_depth': 15, 'max_features': 'sqrt', 'min_samples_leaf': 20, 'min_samples_split': 5, 'n_estimators': 100}",0.7106413994169096,0.7310495626822158,0.7150145772594753,0.6946064139941691,0.7286652078774617,0.7159954322460462,0.01322322126835138,91
1.0510077476501465,0.04015688629574793,0.02290205955505371,0.0031105562071634773,15,sqrt,20,5,200,"{'max_depth': 15, 'max_features': 'sqrt', 'min_samples_leaf': 20, 'min_samples_split': 5, 'n_estimators': 200}",0.7120991253644315,0.7325072886297376,0.7164723032069971,0.6938775510204082,0.7286652078774617,0.7167242952198072,0.013675654958750666,85
1.549015188217163,0.04509926427532399,0.0331695556640625,0.004083110837915116,15,sqrt,20,5,300,"{'max_depth': 15, 'max_features': 'sqrt', 'min_samples_leaf': 20, 'min_samples_split': 5, 'n_estimators': 300}",0.7135568513119533,0.7339650145772595,0.7142857142857143,0.6967930029154519,0.7301239970824216,0.7177449160345601,0.013302795725222746,79
0.5480211734771728,0.026527554255167427,0.012906503677368165,0.00347469264064509,15,sqrt,20,10,100,"{'max_depth': 15, 'max_features': 'sqrt', 'min_samples_leaf': 20, 'min_samples_split': 10, 'n_estimators': 100}",0.7106413994169096,0.7310495626822158,0.7150145772594753,0.6946064139941691,0.7286652078774617,0.7159954322460462,0.01322322126835138,91
1.02622709274292,0.034058881159583304,0.022639989852905273,0.003819268078046372,15,sqrt,20,10,200,"{'max_depth': 15, 'max_features': 'sqrt', 'min_samples_leaf': 20, 'min_samples_split': 10, 'n_estimators': 200}",0.7120991253644315,0.7325072886297376,0.7164723032069971,0.6938775510204082,0.7286652078774617,0.7167242952198072,0.013675654958750666,85
1.605773401260376,0.04260549587795075,0.03582973480224609,0.002796338330671615,15,sqrt,20,10,300,"{'max_depth': 15, 'max_features': 'sqrt', 'min_samples_leaf': 20, 'min_samples_split': 10, 'n_estimators': 300}",0.7135568513119533,0.7339650145772595,0.7142857142857143,0.6967930029154519,0.7301239970824216,0.7177449160345601,0.013302795725222746,79
0.5348087310791015,0.01606242918330221,0.013082933425903321,0.0018423724661844089,15,sqrt,20,15,100,"{'max_depth': 15, 'max_features': 'sqrt', 'min_samples_leaf': 20, 'min_samples_split': 15, 'n_estimators': 100}",0.7106413994169096,0.7310495626822158,0.7150145772594753,0.6946064139941691,0.7286652078774617,0.7159954322460462,0.01322322126835138,91
1.0914955139160156,0.056531668193304775,0.020568990707397462,0.0024806938509756107,15,sqrt,20,15,200,"{'max_depth': 15, 'max_features': 'sqrt', 'min_samples_leaf': 20, 'min_samples_split': 15, 'n_estimators': 200}",0.7120991253644315,0.7325072886297376,0.7164723032069971,0.6938775510204082,0.7286652078774617,0.7167242952198072,0.013675654958750666,85
1.6006991386413574,0.033619183974361734,0.03596982955932617,0.0041717094582936435,15,sqrt,20,15,300,"{'max_depth': 15, 'max_features': 'sqrt', 'min_samples_leaf': 20, 'min_samples_split': 15, 'n_estimators': 300}",0.7135568513119533,0.7339650145772595,0.7142857142857143,0.6967930029154519,0.7301239970824216,0.7177449160345601,0.013302795725222746,79
0.48145532608032227,0.01437113910725994,0.015202093124389648,0.0025790209724886526,15,log2,5,5,100,"{'max_depth': 15, 'max_features': 'log2', 'min_samples_leaf': 5, 'min_samples_split': 5, 'n_estimators': 100}",0.7252186588921283,0.7376093294460642,0.7288629737609329,0.7048104956268222,0.7308533916849015,0.7254709698821699,0.011088144885146733,59
0.9843018531799317,0.03196233883956277,0.02721576690673828,0.0031207881394828573,15,log2,5,5,200,"{'max_depth': 15, 'max_features': 'log2', 'min_samples_leaf': 5, 'min_samples_split': 5, 'n_estimators': 200}",0.7325072886297376,0.7434402332361516,0.7354227405247813,0.706268221574344,0.7352297592997812,0.7305736486529592,0.012690427937677606,43
1.4670001983642578,0.06355506823508804,0.03875408172607422,0.0038686431570199354,15,log2,5,5,300,"{'max_depth': 15, 'max_features': 'log2', 'min_samples_leaf': 5, 'min_samples_split': 5, 'n_estimators': 300}",0.728134110787172,0.7397959183673469,0.7310495626822158,0.7048104956268222,0.7403355215171408,0.7288251217961396,0.012922659034937544,50
0.505098533630371,0.012935850448208127,0.015782928466796874,0.001860730352618388,15,log2,5,10,100,"{'max_depth': 15, 'max_features': 'log2', 'min_samples_leaf': 5, 'min_samples_split': 10, 'n_estimators': 100}",0.7252186588921283,0.7376093294460642,0.7288629737609329,0.7048104956268222,0.7308533916849015,0.7254709698821699,0.011088144885146733,59
0.9941773414611816,0.033967528975084094,0.027812385559082033,0.003758999679908573,15,log2,5,10,200,"{'max_depth': 15, 'max_features': 'log2', 'min_samples_leaf': 5, 'min_samples_split': 10, 'n_estimators': 200}",0.7325072886297376,0.7434402332361516,0.7354227405247813,0.706268221574344,0.7352297592997812,0.7305736486529592,0.012690427937677606,43
1.4912150382995606,0.07208645779779307,0.03714122772216797,0.002551573271379442,15,log2,5,10,300,"{'max_depth': 15, 'max_features': 'log2', 'min_samples_leaf': 5, 'min_samples_split': 10, 'n_estimators': 300}",0.728134110787172,0.7397959183673469,0.7310495626822158,0.7048104956268222,0.7403355215171408,0.7288251217961396,0.012922659034937544,50
0.5050050258636475,0.026488109665422015,0.012868595123291016,0.0019208214888604116,15,log2,5,15,100,"{'max_depth': 15, 'max_features': 'log2', 'min_samples_leaf': 5, 'min_samples_split': 15, 'n_estimators': 100}",0.7252186588921283,0.7361516034985423,0.7303206997084548,0.7084548104956269,0.7396061269146609,0.7279503799018825,0.010920388720581268,52
1.0013944625854492,0.050017206972204034,0.023076963424682618,0.0024196517668355834,15,log2,5,15,200,"{'max_depth': 15, 'max_features': 'log2', 'min_samples_leaf': 5, 'min_samples_split': 15, 'n_estimators': 200}",0.7259475218658892,0.7427113702623906,0.7412536443148688,0.706997084548105,0.7345003646973013,0.730281997137711,0.013066260468152143,45
1.4408541679382325,0.05449815892248687,0.03835639953613281,0.002682125482741975,15,log2,5,15,300,"{'max_depth': 15, 'max_features': 'log2', 'min_samples_leaf': 5, 'min_samples_split': 15, 'n_estimators': 300}",0.728134110787172,0.7405247813411079,0.7339650145772595,0.7048104956268222,0.737417943107221,0.7289704690879165,0.01276096584467018,49
0.44721050262451173,0.013564817913930861,0.012801885604858398,0.0018588998822627637,15,log2,10,5,100,"{'max_depth': 15, 'max_features': 'log2', 'min_samples_leaf': 10, 'min_samples_split': 5, 'n_estimators': 100}",0.7113702623906706,0.728134110787172,0.7223032069970845,0.6887755102040817,0.7213712618526623,0.7143908704463342,0.01389588674615782,103
0.8983145236968995,0.032582116991708994,0.02200450897216797,0.0018288639095637162,15,log2,10,5,200,"{'max_depth': 15, 'max_features': 'log2', 'min_samples_leaf': 10, 'min_samples_split': 5, 'n_estimators': 200}",0.7120991253644315,0.7288629737609329,0.7201166180758017,0.6909620991253644,0.7177242888402626,0.7139530210333586,0.012700696823735752,106
1.3836693286895752,0.08434974250321854,0.03709559440612793,0.00355290789137184,15,log2,10,5,300,"{'max_depth': 15, 'max_features': 'log2', 'min_samples_leaf': 10, 'min_samples_split': 5, 'n_estimators': 300}",0.7128279883381924,0.7332361516034985,0.717930029154519,0.6931486880466472,0.7213712618526623,0.7157028237991038,0.013126027091440399,94
0.4433009147644043,0.03533559313267499,0.013232755661010741,0.002307863803764099,15,log2,10,10,100,"{'max_depth': 15, 'max_features': 'log2', 'min_samples_leaf': 10, 'min_samples_split': 10, 'n_estimators': 100}",0.7113702623906706,0.728134110787172,0.7223032069970845,0.6887755102040817,0.7213712618526623,0.7143908704463342,0.01389588674615782,103
0.8776813983917237,0.009701533246222882,0.024234724044799805,0.002300150877071736,15,log2,10,10,200,"{'max_depth': 15, 'max_features': 'log2', 'min_samples_leaf': 10, 'min_samples_split': 10, 'n_estimators': 200}",0.7120991253644315,0.7288629737609329,0.7201166180758017,0.6909620991253644,0.7177242888402626,0.7139530210333586,0.012700696823735752,106
1.3478814125061036,0.021281245027025258,0.03426995277404785,0.0017344170719933154,15,log2,10,10,300,"{'max_depth': 15, 'max_features': 'log2', 'min_samples_leaf': 10, 'min_samples_split': 10, 'n_estimators': 300}",0.7128279883381924,0.7332361516034985,0.717930029154519,0.6931486880466472,0.7213712618526623,0.7157028237991038,0.013126027091440399,94
0.46279096603393555,0.01194097044158404,0.013841009140014649,0.0027282082453808235,15,log2,10,15,100,"{'max_depth': 15, 'max_features': 'log2', 'min_samples_leaf': 10, 'min_samples_split': 15, 'n_estimators': 100}",0.7113702623906706,0.728134110787172,0.7223032069970845,0.6887755102040817,0.7213712618526623,0.7143908704463342,0.01389588674615782,103
0.9296000003814697,0.03062583732625287,0.022743034362792968,0.0025080573055883235,15,log2,10,15,200,"{'max_depth': 15, 'max_features': 'log2', 'min_samples_leaf': 10, 'min_samples_split': 15, 'n_estimators': 200}",0.7120991253644315,0.7288629737609329,0.7201166180758017,0.6909620991253644,0.7177242888402626,0.7139530210333586,0.012700696823735752,106
1.3490030765533447,0.034669293678613274,0.038533782958984374,0.004710859313317482,15,log2,10,15,300,"{'max_depth': 15, 'max_features': 'log2', 'min_samples_leaf': 10, 'min_samples_split': 15, 'n_estimators': 300}",0.7128279883381924,0.7332361516034985,0.717930029154519,0.6931486880466472,0.7213712618526623,0.7157028237991038,0.013126027091440399,94
0.3983138084411621,0.018695420756475335,0.011277580261230468,0.0012453585154451239,15,log2,20,5,100,"{'max_depth': 15, 'max_features': 'log2', 'min_samples_leaf': 20, 'min_samples_split': 5, 'n_estimators': 100}",0.6953352769679301,0.7128279883381924,0.7055393586005831,0.6785714285714286,0.7191830780452224,0.7022914261046714,0.014268303390867553,136
0.8088483810424805,0.033430604326366235,0.02182145118713379,0.001916986424833513,15,log2,20,5,200,"{'max_depth': 15, 'max_features': 'log2', 'min_samples_leaf': 20, 'min_samples_split': 5, 'n_estimators': 200}",0.6982507288629738,0.7157434402332361,0.6967930029154519,0.6814868804664723,0.712618526622903,0.7009785158202074,0.012315648851215484,142
1.2056546688079834,0.053969204200202896,0.03235836029052734,0.00474406486035806,15,log2,20,5,300,"{'max_depth': 15, 'max_features': 'log2', 'min_samples_leaf': 20, 'min_samples_split': 5, 'n_estimators': 300}",0.6997084548104956,0.7164723032069971,0.6946064139941691,0.6822157434402333,0.711889132020423,0.7009784094944636,0.012274830812939416,145
0.40639691352844237,0.022873389127414136,0.013869857788085938,0.000485915421390889,15,log2,20,10,100,"{'max_depth': 15, 'max_features': 'log2', 'min_samples_leaf': 20, 'min_samples_split': 10, 'n_estimators': 100}",0.6953352769679301,0.7128279883381924,0.7055393586005831,0.6785714285714286,0.7191830780452224,0.7022914261046714,0.014268303390867553,136
0.7822729587554932,0.026570042214508413,0.021351051330566407,0.004065647614637681,15,log2,20,10,200,"{'max_depth': 15, 'max_features': 'log2', 'min_samples_leaf': 20, 'min_samples_split': 10, 'n_estimators': 200}",0.6982507288629738,0.7157434402332361,0.6967930029154519,0.6814868804664723,0.712618526622903,0.7009785158202074,0.012315648851215484,142
1.2269733905792237,0.04473053902105712,0.032758140563964845,0.00374011844160988,15,log2,20,10,300,"{'max_depth': 15, 'max_features': 'log2', 'min_samples_leaf': 20, 'min_samples_split': 10, 'n_estimators': 300}",0.6997084548104956,0.7164723032069971,0.6946064139941691,0.6822157434402333,0.711889132020423,0.7009784094944636,0.012274830812939416,145
0.4049646854400635,0.015385419402682989,0.01203012466430664,0.0022824421222638665,15,log2,20,15,100,"{'max_depth': 15, 'max_features': 'log2', 'min_samples_leaf': 20, 'min_samples_split': 15, 'n_estimators': 100}",0.6953352769679301,0.7128279883381924,0.7055393586005831,0.6785714285714286,0.7191830780452224,0.7022914261046714,0.014268303390867553,136
0.8020895004272461,0.012596670015691638,0.024498748779296874,0.004309191506432254,15,log2,20,15,200,"{'max_depth': 15, 'max_features': 'log2', 'min_samples_leaf': 20, 'min_samples_split': 15, 'n_estimators': 200}",0.6982507288629738,0.7157434402332361,0.6967930029154519,0.6814868804664723,0.712618526622903,0.7009785158202074,0.012315648851215484,142
1.2039535522460938,0.05628212868211499,0.031570816040039064,0.0020080378114022608,15,log2,20,15,300,"{'max_depth': 15, 'max_features': 'log2', 'min_samples_leaf': 20, 'min_samples_split': 15, 'n_estimators': 300}",0.6997084548104956,0.7164723032069971,0.6946064139941691,0.6822157434402333,0.711889132020423,0.7009784094944636,0.012274830812939416,145
0.6970630168914795,0.025185071235211597,0.017431211471557618,0.0032911592287127294,20,sqrt,5,5,100,"{'max_depth': 20, 'max_features': 'sqrt', 'min_samples_leaf': 5, 'min_samples_split': 5, 'n_estimators': 100}",0.75,0.7543731778425656,0.749271137026239,0.717201166180758,0.75127644055434,0.7444243843207805,0.013723055600386174,6
1.371628999710083,0.015999015331249204,0.032721328735351565,0.0028137495800373002,20,sqrt,5,5,200,"{'max_depth': 20, 'max_features': 'sqrt', 'min_samples_leaf': 5, 'min_samples_split': 5, 'n_estimators': 200}",0.7478134110787172,0.7580174927113703,0.750728862973761,0.7215743440233237,0.7571115973741794,0.7470491416322703,0.013301484963017191,3
2.0562450885772705,0.047345633553646294,0.04206724166870117,0.004295503128053624,20,sqrt,5,5,300,"{'max_depth': 20, 'max_features': 'sqrt', 'min_samples_leaf': 5, 'min_samples_split': 5, 'n_estimators': 300}",0.7478134110787172,0.7631195335276968,0.75,0.7215743440233237,0.7549234135667396,0.7474861404392954,0.013982587746864457,1
0.6961479663848877,0.027301504926884896,0.01897282600402832,0.006808416861761635,20,sqrt,5,10,100,"{'max_depth': 20, 'max_features': 'sqrt', 'min_samples_leaf': 5, 'min_samples_split': 10, 'n_estimators': 100}",0.75,0.7543731778425656,0.749271137026239,0.717201166180758,0.75127644055434,0.7444243843207805,0.013723055600386174,6
1.3685749053955079,0.01996447808778063,0.03176770210266113,0.005366303705036441,20,sqrt,5,10,200,"{'max_depth': 20, 'max_features': 'sqrt', 'min_samples_leaf': 5, 'min_samples_split': 10, 'n_estimators': 200}",0.7478134110787172,0.7580174927113703,0.750728862973761,0.7215743440233237,0.7571115973741794,0.7470491416322703,0.013301484963017191,3
2.0879494190216064,0.058070705716512565,0.04378418922424317,0.00275067535330336,20,sqrt,5,10,300,"{'max_depth': 20, 'max_features': 'sqrt', 'min_samples_leaf': 5, 'min_samples_split': 10, 'n_estimators': 300}",0.7478134110787172,0.7631195335276968,0.75,0.7215743440233237,0.7549234135667396,0.7474861404392954,0.013982587746864457,1
0.6778860092163086,0.03257648953222508,0.016695785522460937,0.0029710954585176045,20,sqrt,5,15,100,"{'max_depth': 20, 'max_features': 'sqrt', 'min_samples_leaf': 5, 'min_samples_split': 15, 'n_estimators': 100}",0.7448979591836735,0.7594752186588921,0.7434402332361516,0.7208454810495627,0.7476294675419402,0.743257671934044,0.01254712389149484,9
1.3570801258087157,0.04228312493424685,0.0290252685546875,0.004382135173830489,20,sqrt,5,15,200,"{'max_depth': 20, 'max_features': 'sqrt', 'min_samples_leaf': 5, 'min_samples_split': 15, 'n_estimators': 200}",0.7419825072886297,0.7631195335276968,0.75,0.7193877551020408,0.75127644055434,0.7451532472945414,0.014544319362577824,5
2.045667028427124,0.0528135605681381,0.03995561599731445,0.0005655102742822361,20,sqrt,5,15,300,"{'max_depth': 20, 'max_features': 'sqrt', 'min_samples_leaf': 5, 'min_samples_split': 15, 'n_estimators': 300}",0.7427113702623906,0.760932944606414,0.7478134110787172,0.717930029154519,0.7483588621444202,0.7435493234492923,0.014146058079983419,8
0.6123961448669434,0.03280115840736106,0.014293384552001954,0.0013285238647351752,20,sqrt,10,5,100,"{'max_depth': 20, 'max_features': 'sqrt', 'min_samples_leaf': 10, 'min_samples_split': 5, 'n_estimators': 100}",0.7332361516034985,0.739067055393586,0.7339650145772595,0.706268221574344,0.7461706783369803,0.7317414242971336,0.013549397503345603,35
1.2456747531890868,0.017585127333825848,0.02616539001464844,0.0021928501114841354,20,sqrt,10,5,200,"{'max_depth': 20, 'max_features': 'sqrt', 'min_samples_leaf': 10, 'min_samples_split': 5, 'n_estimators': 200}",0.7332361516034985,0.7434402332361516,0.7339650145772595,0.7084548104956269,0.7432530999270606,0.7324698619679194,0.012776326897774571,27
1.8272490501403809,0.04866127385932471,0.03953418731689453,0.0015828636766695458,20,sqrt,10,5,300,"{'max_depth': 20, 'max_features': 'sqrt', 'min_samples_leaf': 10, 'min_samples_split': 5, 'n_estimators': 300}",0.7346938775510204,0.7405247813411079,0.7354227405247813,0.7084548104956269,0.7447118891320205,0.7327616198089114,0.012686305816182778,24
0.6098121643066406,0.022594916836171014,0.014636754989624023,0.002193958488080099,20,sqrt,10,10,100,"{'max_depth': 20, 'max_features': 'sqrt', 'min_samples_leaf': 10, 'min_samples_split': 10, 'n_estimators': 100}",0.7332361516034985,0.739067055393586,0.7339650145772595,0.706268221574344,0.7461706783369803,0.7317414242971336,0.013549397503345603,35
1.2242488861083984,0.05625526966389887,0.023739433288574217,0.0015956019479988102,20,sqrt,10,10,200,"{'max_depth': 20, 'max_features': 'sqrt', 'min_samples_leaf': 10, 'min_samples_split': 10, 'n_estimators': 200}",0.7332361516034985,0.7434402332361516,0.7339650145772595,0.7084548104956269,0.7432530999270606,0.7324698619679194,0.012776326897774571,27
1.820525884628296,0.07320309791295375,0.044656229019165036,0.0022085640687142956,20,sqrt,10,10,300,"{'max_depth': 20, 'max_features': 'sqrt', 'min_samples_leaf': 10, 'min_samples_split': 10, 'n_estimators': 300}",0.7346938775510204,0.7405247813411079,0.7354227405247813,0.7084548104956269,0.7447118891320205,0.7327616198089114,0.012686305816182778,24
0.6218717098236084,0.009280386124633284,0.015116167068481446,0.0027354873167402204,20,sqrt,10,15,100,"{'max_depth': 20, 'max_features': 'sqrt', 'min_samples_leaf': 10, 'min_samples_split': 15, 'n_estimators': 100}",0.7332361516034985,0.739067055393586,0.7339650145772595,0.706268221574344,0.7461706783369803,0.7317414242971336,0.013549397503345603,35
1.2129886150360107,0.04419002990294168,0.02575535774230957,0.001847647796095901,20,sqrt,10,15,200,"{'max_depth': 20, 'max_features': 'sqrt', 'min_samples_leaf': 10, 'min_samples_split': 15, 'n_estimators': 200}",0.7332361516034985,0.7434402332361516,0.7339650145772595,0.7084548104956269,0.7432530999270606,0.7324698619679194,0.012776326897774571,27
1.8614420890808105,0.07836895032162154,0.04071784019470215,0.0037272044810528504,20,sqrt,10,15,300,"{'max_depth': 20, 'max_features': 'sqrt', 'min_samples_leaf': 10, 'min_samples_split': 15, 'n_estimators': 300}",0.7346938775510204,0.7405247813411079,0.7354227405247813,0.7084548104956269,0.7447118891320205,0.7327616198089114,0.012686305816182778,24
0.5517913341522217,0.013885392103799724,0.011818647384643555,0.00225621732248637,20,sqrt,20,5,100,"{'max_depth': 20, 'max_features': 'sqrt', 'min_samples_leaf': 20, 'min_samples_split': 5, 'n_estimators': 100}",0.7106413994169096,0.7303206997084548,0.7157434402332361,0.6975218658892128,0.7235594456601021,0.715557370181583,0.011238059586834999,97
1.0534249782562255,0.02710647921554255,0.02214670181274414,0.0026021000883267587,20,sqrt,20,5,200,"{'max_depth': 20, 'max_features': 'sqrt', 'min_samples_leaf': 20, 'min_samples_split': 5, 'n_estimators': 200}",0.7128279883381924,0.7317784256559767,0.7186588921282799,0.6975218658892128,0.7293946024799417,0.7180363548983207,0.012379121058992677,76
1.6233838081359864,0.01689452025702544,0.035607433319091795,0.0035902973253273893,20,sqrt,20,5,300,"{'max_depth': 20, 'max_features': 'sqrt', 'min_samples_leaf': 20, 'min_samples_split': 5, 'n_estimators': 300}",0.7128279883381924,0.7339650145772595,0.7135568513119533,0.6960641399416909,0.7315827862873815,0.7175993560912955,0.013901398688366297,82
0.5174452304840088,0.015473099559027799,0.012705659866333008,0.0023543093517564297,20,sqrt,20,10,100,"{'max_depth': 20, 'max_features': 'sqrt', 'min_samples_leaf': 20, 'min_samples_split': 10, 'n_estimators': 100}",0.7106413994169096,0.7303206997084548,0.7157434402332361,0.6975218658892128,0.7235594456601021,0.715557370181583,0.011238059586834999,97
1.0529287815093995,0.026220718680076836,0.022904396057128906,0.0031045808731588807,20,sqrt,20,10,200,"{'max_depth': 20, 'max_features': 'sqrt', 'min_samples_leaf': 20, 'min_samples_split': 10, 'n_estimators': 200}",0.7128279883381924,0.7317784256559767,0.7186588921282799,0.6975218658892128,0.7293946024799417,0.7180363548983207,0.012379121058992677,76
1.597793960571289,0.014017967912303031,0.033403635025024414,0.0057458651372060705,20,sqrt,20,10,300,"{'max_depth': 20, 'max_features': 'sqrt', 'min_samples_leaf': 20, 'min_samples_split': 10, 'n_estimators': 300}",0.7128279883381924,0.7339650145772595,0.7135568513119533,0.6960641399416909,0.7315827862873815,0.7175993560912955,0.013901398688366297,82
0.5283294677734375,0.007894200629826846,0.013272428512573242,0.002524972736292247,20,sqrt,20,15,100,"{'max_depth': 20, 'max_features': 'sqrt', 'min_samples_leaf': 20, 'min_samples_split': 15, 'n_estimators': 100}",0.7106413994169096,0.7303206997084548,0.7157434402332361,0.6975218658892128,0.7235594456601021,0.715557370181583,0.011238059586834999,97
1.0547205924987793,0.060395685164599096,0.01998457908630371,0.00169013972272293,20,sqrt,20,15,200,"{'max_depth': 20, 'max_features': 'sqrt', 'min_samples_leaf': 20, 'min_samples_split': 15, 'n_estimators': 200}",0.7128279883381924,0.7317784256559767,0.7186588921282799,0.6975218658892128,0.7293946024799417,0.7180363548983207,0.012379121058992677,76
1.5647757530212403,0.0500034158739771,0.03753042221069336,0.003913018657613564,20,sqrt,20,15,300,"{'max_depth': 20, 'max_features': 'sqrt', 'min_samples_leaf': 20, 'min_samples_split': 15, 'n_estimators': 300}",0.7128279883381924,0.7339650145772595,0.7135568513119533,0.6960641399416909,0.7315827862873815,0.7175993560912955,0.013901398688366297,82
0.5421844482421875,0.01984795343026604,0.013039493560791015,0.0009654042632002694,20,log2,5,5,100,"{'max_depth': 20, 'max_features': 'log2', 'min_samples_leaf': 5, 'min_samples_split': 5, 'n_estimators': 100}",0.7252186588921283,0.7376093294460642,0.7361516034985423,0.706997084548105,0.7403355215171408,0.729262439580396,0.012262483357520372,46
1.052792453765869,0.0219445699842044,0.027877330780029297,0.002116976458568437,20,log2,5,5,200,"{'max_depth': 20, 'max_features': 'log2', 'min_samples_leaf': 5, 'min_samples_split': 5, 'n_estimators': 200}",0.7325072886297376,0.7441690962099126,0.7427113702623906,0.7077259475218659,0.7352297592997812,0.7324686923847376,0.013127378285904403,30
1.5749588489532471,0.05370810273653279,0.04360098838806152,0.0020255661804138713,20,log2,5,5,300,"{'max_depth': 20, 'max_features': 'log2', 'min_samples_leaf': 5, 'min_samples_split': 5, 'n_estimators': 300}",0.7339650145772595,0.7434402332361516,0.7427113702623906,0.7091836734693877,0.7396061269146609,0.7337812836919702,0.012743992598251735,19
0.5288435459136963,0.01538310534198544,0.014390277862548827,0.0024283290288287084,20,log2,5,10,100,"{'max_depth': 20, 'max_features': 'log2', 'min_samples_leaf': 5, 'min_samples_split': 10, 'n_estimators': 100}",0.7252186588921283,0.7376093294460642,0.7361516034985423,0.706997084548105,0.7403355215171408,0.729262439580396,0.012262483357520372,46
1.0471927642822265,0.015161307662431062,0.027716541290283205,0.0035996727178579215,20,log2,5,10,200,"{'max_depth': 20, 'max_features': 'log2', 'min_samples_leaf': 5, 'min_samples_split': 10, 'n_estimators': 200}",0.7325072886297376,0.7441690962099126,0.7427113702623906,0.7077259475218659,0.7352297592997812,0.7324686923847376,0.013127378285904403,30
1.5789384365081787,0.017871364375914134,0.03866891860961914,0.004771082804469116,20,log2,5,10,300,"{'max_depth': 20, 'max_features': 'log2', 'min_samples_leaf': 5, 'min_samples_split': 10, 'n_estimators': 300}",0.7339650145772595,0.7434402332361516,0.7427113702623906,0.7091836734693877,0.7396061269146609,0.7337812836919702,0.012743992598251735,19
0.492938232421875,0.018177501704182718,0.016580820083618164,0.0006252719855273522,20,log2,5,15,100,"{'max_depth': 20, 'max_features': 'log2', 'min_samples_leaf': 5, 'min_samples_split': 15, 'n_estimators': 100}",0.7310495626822158,0.7376093294460642,0.7332361516034985,0.7055393586005831,0.7388767323121809,0.7292622269289085,0.012197327267350894,48
1.0123528480529784,0.033594593151144284,0.028170967102050783,0.00435144621300628,20,log2,5,15,200,"{'max_depth': 20, 'max_features': 'log2', 'min_samples_leaf': 5, 'min_samples_split': 15, 'n_estimators': 200}",0.7346938775510204,0.7368804664723032,0.7412536443148688,0.7040816326530612,0.7396061269146609,0.7313031495811828,0.01379540692971969,38
1.5397860527038574,0.057067236898279854,0.03751072883605957,0.0016118654804911016,20,log2,5,15,300,"{'max_depth': 20, 'max_features': 'log2', 'min_samples_leaf': 5, 'min_samples_split': 15, 'n_estimators': 300}",0.7332361516034985,0.7368804664723032,0.739067055393586,0.706268221574344,0.737417943107221,0.7305739676301906,0.012301227439337406,42
0.4675644874572754,0.012141763270660548,0.015012836456298828,0.002420157412270291,20,log2,10,5,100,"{'max_depth': 20, 'max_features': 'log2', 'min_samples_leaf': 10, 'min_samples_split': 5, 'n_estimators': 100}",0.7048104956268222,0.7266763848396501,0.7215743440233237,0.6938775510204082,0.7279358132749818,0.714974917757037,0.013393102194919059,100
0.9294198989868164,0.049089012369635504,0.02590069770812988,0.003463813499713587,20,log2,10,5,200,"{'max_depth': 20, 'max_features': 'log2', 'min_samples_leaf': 10, 'min_samples_split': 5, 'n_estimators': 200}",0.7084548104956269,0.7303206997084548,0.7186588921282799,0.6946064139941691,0.7301239970824216,0.7164329626817905,0.013603805089021896,88
1.395216417312622,0.05426305259133051,0.034543514251708984,0.0037996499355101997,20,log2,10,5,300,"{'max_depth': 20, 'max_features': 'log2', 'min_samples_leaf': 10, 'min_samples_split': 5, 'n_estimators': 300}",0.7142857142857143,0.7317784256559767,0.7215743440233237,0.6931486880466472,0.7345003646973013,0.7190575073417926,0.014836947119800421,73
0.46275482177734373,0.012040120728734938,0.010576152801513672,0.0004004272679135956,20,log2,10,10,100,"{'max_depth': 20, 'max_features': 'log2', 'min_samples_leaf': 10, 'min_samples_split': 10, 'n_estimators': 100}",0.7048104956268222,0.7266763848396501,0.7215743440233237,0.6938775510204082,0.7279358132749818,0.714974917757037,0.013393102194919059,100
0.9186418533325196,0.022223713466144508,0.0263397216796875,0.003804009086477689,20,log2,10,10,200,"{'max_depth': 20, 'max_features': 'log2', 'min_samples_leaf': 10, 'min_samples_split': 10, 'n_estimators': 200}",0.7084548104956269,0.7303206997084548,0.7186588921282799,0.6946064139941691,0.7301239970824216,0.7164329626817905,0.013603805089021896,88
1.4349878311157227,0.046343110074097686,0.036301374435424805,0.004753104115366477,20,log2,10,10,300,"{'max_depth': 20, 'max_features': 'log2', 'min_samples_leaf': 10, 'min_samples_split': 10, 'n_estimators': 300}",0.7142857142857143,0.7317784256559767,0.7215743440233237,0.6931486880466472,0.7345003646973013,0.7190575073417926,0.014836947119800421,73
0.47481608390808105,0.025817620055520307,0.012455224990844727,0.0016079097879473734,20,log2,10,15,100,"{'max_depth': 20, 'max_features': 'log2', 'min_samples_leaf': 10, 'min_samples_split': 15, 'n_estimators': 100}",0.7048104956268222,0.7266763848396501,0.7215743440233237,0.6938775510204082,0.7279358132749818,0.714974917757037,0.013393102194919059,100
0.9334176063537598,0.02217419864304656,0.02429375648498535,0.001862997795139327,20,log2,10,15,200,"{'max_depth': 20, 'max_features': 'log2', 'min_samples_leaf': 10, 'min_samples_split': 15, 'n_estimators': 200}",0.7084548104956269,0.7303206997084548,0.7186588921282799,0.6946064139941691,0.7301239970824216,0.7164329626817905,0.013603805089021896,88
1.406876230239868,0.06730373002323764,0.03700971603393555,0.00290672153990864,20,log2,10,15,300,"{'max_depth': 20, 'max_features': 'log2', 'min_samples_leaf': 10, 'min_samples_split': 15, 'n_estimators': 300}",0.7142857142857143,0.7317784256559767,0.7215743440233237,0.6931486880466472,0.7345003646973013,0.7190575073417926,0.014836947119800421,73
0.40155816078186035,0.021046290906203306,0.012185621261596679,0.0020529171017705555,20,log2,20,5,100,"{'max_depth': 20, 'max_features': 'log2', 'min_samples_leaf': 20, 'min_samples_split': 5, 'n_estimators': 100}",0.7004373177842566,0.7106413994169096,0.7004373177842566,0.6793002915451894,0.712618526622903,0.7006869706307031,0.011823429081691013,148
0.7896209239959717,0.03001322422393208,0.020828056335449218,0.002992972726781363,20,log2,20,5,200,"{'max_depth': 20, 'max_features': 'log2', 'min_samples_leaf': 20, 'min_samples_split': 5, 'n_estimators': 200}",0.6982507288629738,0.7150145772594753,0.6953352769679301,0.6785714285714286,0.7133479212253829,0.7001039865774381,0.013323315872743439,151
1.2064599514007568,0.05370196691549785,0.031038951873779298,0.004031199614165509,20,log2,20,5,300,"{'max_depth': 20, 'max_features': 'log2', 'min_samples_leaf': 20, 'min_samples_split': 5, 'n_estimators': 300}",0.7011661807580175,0.7193877551020408,0.6960641399416909,0.6800291545189504,0.7111597374179431,0.7015613935477285,0.013445599125859947,139
0.4059854030609131,0.019275097510461144,0.010683631896972657,0.002093138006229302,20,log2,20,10,100,"{'max_depth': 20, 'max_features': 'log2', 'min_samples_leaf': 20, 'min_samples_split': 10, 'n_estimators': 100}",0.7004373177842566,0.7106413994169096,0.7004373177842566,0.6793002915451894,0.712618526622903,0.7006869706307031,0.011823429081691013,148
0.8061348915100097,0.027871464324890717,0.02225465774536133,0.0031439400051048185,20,log2,20,10,200,"{'max_depth': 20, 'max_features': 'log2', 'min_samples_leaf': 20, 'min_samples_split': 10, 'n_estimators': 200}",0.6982507288629738,0.7150145772594753,0.6953352769679301,0.6785714285714286,0.7133479212253829,0.7001039865774381,0.013323315872743439,151
1.1987142086029052,0.03808317786478526,0.032555580139160156,0.003395241009612612,20,log2,20,10,300,"{'max_depth': 20, 'max_features': 'log2', 'min_samples_leaf': 20, 'min_samples_split': 10, 'n_estimators': 300}",0.7011661807580175,0.7193877551020408,0.6960641399416909,0.6800291545189504,0.7111597374179431,0.7015613935477285,0.013445599125859947,139
0.38437514305114745,0.022276513170757465,0.013660430908203125,0.00210663933928491,20,log2,20,15,100,"{'max_depth': 20, 'max_features': 'log2', 'min_samples_leaf': 20, 'min_samples_split': 15, 'n_estimators': 100}",0.7004373177842566,0.7106413994169096,0.7004373177842566,0.6793002915451894,0.712618526622903,0.7006869706307031,0.011823429081691013,148
0.7952556133270263,0.01642191992816528,0.02315044403076172,0.001709771846336081,20,log2,20,15,200,"{'max_depth': 20, 'max_features': 'log2', 'min_samples_leaf': 20, 'min_samples_split': 15, 'n_estimators': 200}",0.6982507288629738,0.7150145772594753,0.6953352769679301,0.6785714285714286,0.7133479212253829,0.7001039865774381,0.013323315872743439,151
1.0198052406311036,0.07278699311196606,0.023806953430175783,0.0011394056033583832,20,log2,20,15,300,"{'max_depth': 20, 'max_features': 'log2', 'min_samples_leaf': 20, 'min_samples_split': 15, 'n_estimators': 300}",0.7011661807580175,0.7193877551020408,0.6960641399416909,0.6800291545189504,0.7111597374179431,0.7015613935477285,0.013445599125859947,139
