mean_fit_time,std_fit_time,mean_score_time,std_score_time,param_class_weight,param_max_depth,param_max_features,param_min_samples_leaf,param_min_samples_split,param_n_estimators,params,split0_test_score,split1_test_score,split2_test_score,split3_test_score,split4_test_score,mean_test_score,std_test_score,rank_test_score
0.12785139083862304,0.005264806901831721,0.004832839965820313,0.0014742270598946852,balanced,3,sqrt,5,5,50,"{'class_weight': 'balanced', 'max_depth': 3, 'max_features': 'sqrt', 'min_samples_leaf': 5, 'min_samples_split': 5, 'n_estimators': 50}",0.6639941690962099,0.6749271137026239,0.6618075801749271,0.7018950437317785,0.687819110138585,0.6780886033688249,0.015067509252467767,122
0.26176066398620607,0.01894076530889926,0.006830263137817383,0.0012755679849291214,balanced,3,sqrt,5,5,100,"{'class_weight': 'balanced', 'max_depth': 3, 'max_features': 'sqrt', 'min_samples_leaf': 5, 'min_samples_split': 5, 'n_estimators': 100}",0.6610787172011662,0.6756559766763849,0.6632653061224489,0.7048104956268222,0.6885485047410649,0.6786718000735774,0.01635085631946369,112
0.3400702953338623,0.015503704805261656,0.008256483078002929,0.002067313046845352,balanced,3,sqrt,5,5,150,"{'class_weight': 'balanced', 'max_depth': 3, 'max_features': 'sqrt', 'min_samples_leaf': 5, 'min_samples_split': 5, 'n_estimators': 150}",0.6618075801749271,0.6749271137026239,0.6661807580174927,0.7004373177842566,0.687089715536105,0.678088497043081,0.014123374740301496,124
0.10879364013671874,0.007808216382670575,0.004684543609619141,0.00142594868316495,balanced,3,sqrt,5,10,50,"{'class_weight': 'balanced', 'max_depth': 3, 'max_features': 'sqrt', 'min_samples_leaf': 5, 'min_samples_split': 10, 'n_estimators': 50}",0.6639941690962099,0.6749271137026239,0.6618075801749271,0.7018950437317785,0.687819110138585,0.6780886033688249,0.015067509252467767,122
0.20800995826721191,0.013073112069326593,0.007225227355957031,0.0019473026534225903,balanced,3,sqrt,5,10,100,"{'class_weight': 'balanced', 'max_depth': 3, 'max_features': 'sqrt', 'min_samples_leaf': 5, 'min_samples_split': 10, 'n_estimators': 100}",0.6610787172011662,0.6756559766763849,0.6632653061224489,0.7048104956268222,0.6885485047410649,0.6786718000735774,0.01635085631946369,112
0.321046781539917,0.0042717967368595,0.006852865219116211,0.000687847889405096,balanced,3,sqrt,5,10,150,"{'class_weight': 'balanced', 'max_depth': 3, 'max_features': 'sqrt', 'min_samples_leaf': 5, 'min_samples_split': 10, 'n_estimators': 150}",0.6618075801749271,0.6749271137026239,0.6661807580174927,0.7004373177842566,0.687089715536105,0.678088497043081,0.014123374740301496,124
0.11656856536865234,0.009295277475267521,0.004553937911987304,0.0013852637358420044,balanced,3,sqrt,5,15,50,"{'class_weight': 'balanced', 'max_depth': 3, 'max_features': 'sqrt', 'min_samples_leaf': 5, 'min_samples_split': 15, 'n_estimators': 50}",0.6639941690962099,0.672740524781341,0.6618075801749271,0.7026239067055393,0.687819110138585,0.6777970581793205,0.015417948093806292,133
0.21470932960510253,0.009533298750658607,0.005704069137573242,0.0009984749046473072,balanced,3,sqrt,5,15,100,"{'class_weight': 'balanced', 'max_depth': 3, 'max_features': 'sqrt', 'min_samples_leaf': 5, 'min_samples_split': 15, 'n_estimators': 100}",0.6588921282798834,0.6778425655976676,0.6639941690962099,0.7026239067055393,0.6885485047410649,0.678380254884073,0.015988643540964294,118
0.3230428695678711,0.02450450728804541,0.012131929397583008,0.005259537538992159,balanced,3,sqrt,5,15,150,"{'class_weight': 'balanced', 'max_depth': 3, 'max_features': 'sqrt', 'min_samples_leaf': 5, 'min_samples_split': 15, 'n_estimators': 150}",0.6610787172011662,0.6749271137026239,0.6661807580174927,0.7018950437317785,0.6856309263311452,0.6779425117968414,0.014592152342565737,129
0.10941977500915527,0.011688677661841994,0.005434179306030273,0.0016342458268179076,balanced,3,sqrt,10,5,50,"{'class_weight': 'balanced', 'max_depth': 3, 'max_features': 'sqrt', 'min_samples_leaf': 10, 'min_samples_split': 5, 'n_estimators': 50}",0.6654518950437318,0.674198250728863,0.6683673469387755,0.7091836734693877,0.6812545587162655,0.6796911449794047,0.015706113633157097,98
0.2599177360534668,0.0056714243756971075,0.008095550537109374,0.003110272832054694,balanced,3,sqrt,10,5,100,"{'class_weight': 'balanced', 'max_depth': 3, 'max_features': 'sqrt', 'min_samples_leaf': 10, 'min_samples_split': 5, 'n_estimators': 100}",0.6639941690962099,0.674198250728863,0.6647230320699709,0.7026239067055393,0.687089715536105,0.6785258148273375,0.014659275412163775,115
0.4044013977050781,0.030142861027950923,0.010954856872558594,0.0013787721486788885,balanced,3,sqrt,10,5,150,"{'class_weight': 'balanced', 'max_depth': 3, 'max_features': 'sqrt', 'min_samples_leaf': 10, 'min_samples_split': 5, 'n_estimators': 150}",0.6625364431486881,0.674198250728863,0.6676384839650146,0.7004373177842566,0.6849015317286652,0.6779424054710975,0.013505433621045247,130
0.13744111061096193,0.004640746954882492,0.006330060958862305,0.0022990927135872435,balanced,3,sqrt,10,10,50,"{'class_weight': 'balanced', 'max_depth': 3, 'max_features': 'sqrt', 'min_samples_leaf': 10, 'min_samples_split': 10, 'n_estimators': 50}",0.6654518950437318,0.674198250728863,0.6683673469387755,0.7091836734693877,0.6812545587162655,0.6796911449794047,0.015706113633157097,98
0.26506972312927246,0.014271514301697964,0.00850992202758789,0.00220129924430051,balanced,3,sqrt,10,10,100,"{'class_weight': 'balanced', 'max_depth': 3, 'max_features': 'sqrt', 'min_samples_leaf': 10, 'min_samples_split': 10, 'n_estimators': 100}",0.6639941690962099,0.674198250728863,0.6647230320699709,0.7026239067055393,0.687089715536105,0.6785258148273375,0.014659275412163775,115
0.39618663787841796,0.011857166464800645,0.012019729614257813,0.0032230775506776103,balanced,3,sqrt,10,10,150,"{'class_weight': 'balanced', 'max_depth': 3, 'max_features': 'sqrt', 'min_samples_leaf': 10, 'min_samples_split': 10, 'n_estimators': 150}",0.6625364431486881,0.674198250728863,0.6676384839650146,0.7004373177842566,0.6849015317286652,0.6779424054710975,0.013505433621045247,130
0.13242521286010742,0.015341622600892897,0.004020977020263672,0.001059154184271455,balanced,3,sqrt,10,15,50,"{'class_weight': 'balanced', 'max_depth': 3, 'max_features': 'sqrt', 'min_samples_leaf': 10, 'min_samples_split': 15, 'n_estimators': 50}",0.6654518950437318,0.674198250728863,0.6683673469387755,0.7091836734693877,0.6812545587162655,0.6796911449794047,0.015706113633157097,98
0.2543339252471924,0.020420742501890823,0.006743907928466797,0.0023605401651134116,balanced,3,sqrt,10,15,100,"{'class_weight': 'balanced', 'max_depth': 3, 'max_features': 'sqrt', 'min_samples_leaf': 10, 'min_samples_split': 15, 'n_estimators': 100}",0.6639941690962099,0.674198250728863,0.6647230320699709,0.7026239067055393,0.687089715536105,0.6785258148273375,0.014659275412163775,115
0.3267384052276611,0.005820641863488348,0.007590389251708985,0.0017222562192772159,balanced,3,sqrt,10,15,150,"{'class_weight': 'balanced', 'max_depth': 3, 'max_features': 'sqrt', 'min_samples_leaf': 10, 'min_samples_split': 15, 'n_estimators': 150}",0.6625364431486881,0.674198250728863,0.6676384839650146,0.7004373177842566,0.6849015317286652,0.6779424054710975,0.013505433621045247,130
0.10733237266540527,0.006786307666618507,0.004456424713134765,0.0014040511750327803,balanced,3,sqrt,15,5,50,"{'class_weight': 'balanced', 'max_depth': 3, 'max_features': 'sqrt', 'min_samples_leaf': 15, 'min_samples_split': 5, 'n_estimators': 50}",0.6654518950437318,0.6720116618075802,0.6661807580174927,0.6989795918367347,0.6805251641137856,0.676629814163865,0.01241082023599724,142
0.21549291610717775,0.008471516225123111,0.006391191482543945,0.0012624065471457085,balanced,3,sqrt,15,5,100,"{'class_weight': 'balanced', 'max_depth': 3, 'max_features': 'sqrt', 'min_samples_leaf': 15, 'min_samples_split': 5, 'n_estimators': 100}",0.6639941690962099,0.6749271137026239,0.6632653061224489,0.7011661807580175,0.6863603209336251,0.677942618122585,0.01434759608292885,126
0.3697039604187012,0.012026896410265598,0.009883308410644531,0.0020669187741811728,balanced,3,sqrt,15,5,150,"{'class_weight': 'balanced', 'max_depth': 3, 'max_features': 'sqrt', 'min_samples_leaf': 15, 'min_samples_split': 5, 'n_estimators': 150}",0.6618075801749271,0.6763848396501457,0.6647230320699709,0.7018950437317785,0.687089715536105,0.6783800422325854,0.014791585196593012,119
0.1339296817779541,0.00312006587143734,0.005303192138671875,0.0015498551339803972,balanced,3,sqrt,15,10,50,"{'class_weight': 'balanced', 'max_depth': 3, 'max_features': 'sqrt', 'min_samples_leaf': 15, 'min_samples_split': 10, 'n_estimators': 50}",0.6654518950437318,0.6720116618075802,0.6661807580174927,0.6989795918367347,0.6805251641137856,0.676629814163865,0.01241082023599724,142
0.2576334476470947,0.01150260492591797,0.008984947204589843,0.0025733024872616975,balanced,3,sqrt,15,10,100,"{'class_weight': 'balanced', 'max_depth': 3, 'max_features': 'sqrt', 'min_samples_leaf': 15, 'min_samples_split': 10, 'n_estimators': 100}",0.6639941690962099,0.6749271137026239,0.6632653061224489,0.7011661807580175,0.6863603209336251,0.677942618122585,0.01434759608292885,126
0.3889922142028809,0.014821109465407614,0.00919346809387207,0.00164154232013613,balanced,3,sqrt,15,10,150,"{'class_weight': 'balanced', 'max_depth': 3, 'max_features': 'sqrt', 'min_samples_leaf': 15, 'min_samples_split': 10, 'n_estimators': 150}",0.6618075801749271,0.6763848396501457,0.6647230320699709,0.7018950437317785,0.687089715536105,0.6783800422325854,0.014791585196593012,119
0.12127213478088379,0.009455969300874341,0.004021596908569336,0.0015523471467515997,balanced,3,sqrt,15,15,50,"{'class_weight': 'balanced', 'max_depth': 3, 'max_features': 'sqrt', 'min_samples_leaf': 15, 'min_samples_split': 15, 'n_estimators': 50}",0.6654518950437318,0.6720116618075802,0.6661807580174927,0.6989795918367347,0.6805251641137856,0.676629814163865,0.01241082023599724,142
0.2438434600830078,0.012499911992435369,0.007370424270629883,0.0019036650158618727,balanced,3,sqrt,15,15,100,"{'class_weight': 'balanced', 'max_depth': 3, 'max_features': 'sqrt', 'min_samples_leaf': 15, 'min_samples_split': 15, 'n_estimators': 100}",0.6639941690962099,0.6749271137026239,0.6632653061224489,0.7011661807580175,0.6863603209336251,0.677942618122585,0.01434759608292885,126
0.37630467414855956,0.006561412718783087,0.009135675430297852,0.0011330411103620533,balanced,3,sqrt,15,15,150,"{'class_weight': 'balanced', 'max_depth': 3, 'max_features': 'sqrt', 'min_samples_leaf': 15, 'min_samples_split': 15, 'n_estimators': 150}",0.6618075801749271,0.6763848396501457,0.6647230320699709,0.7018950437317785,0.687089715536105,0.6783800422325854,0.014791585196593012,119
0.0998192310333252,0.007221378105515467,0.0046193599700927734,0.0011760756851818491,balanced,3,log2,5,5,50,"{'class_weight': 'balanced', 'max_depth': 3, 'max_features': 'log2', 'min_samples_leaf': 5, 'min_samples_split': 5, 'n_estimators': 50}",0.6661807580174927,0.6785714285714286,0.6705539358600583,0.6953352769679301,0.6783369803063457,0.6777956759446511,0.009958730084836876,137
0.20303401947021485,0.013983314281974494,0.006872987747192383,0.001642127763694567,balanced,3,log2,5,5,100,"{'class_weight': 'balanced', 'max_depth': 3, 'max_features': 'log2', 'min_samples_leaf': 5, 'min_samples_split': 5, 'n_estimators': 100}",0.6654518950437318,0.6756559766763849,0.6661807580174927,0.6975218658892128,0.674690007293946,0.6759001005841536,0.011598752313101791,151
0.27957930564880373,0.009472966371740393,0.007580089569091797,0.0021055587465078833,balanced,3,log2,5,5,150,"{'class_weight': 'balanced', 'max_depth': 3, 'max_features': 'log2', 'min_samples_leaf': 5, 'min_samples_split': 5, 'n_estimators': 150}",0.6647230320699709,0.6749271137026239,0.6654518950437318,0.7011661807580175,0.6885485047410649,0.6789633452630818,0.014046196341437382,104
0.0864706039428711,0.009623785277018463,0.0037995338439941405,0.0012855560701712269,balanced,3,log2,5,10,50,"{'class_weight': 'balanced', 'max_depth': 3, 'max_features': 'log2', 'min_samples_leaf': 5, 'min_samples_split': 10, 'n_estimators': 50}",0.6661807580174927,0.6785714285714286,0.6705539358600583,0.6953352769679301,0.6783369803063457,0.6777956759446511,0.009958730084836876,137
0.1726088047027588,0.015057631248503213,0.0078028678894042965,0.0021982531513909196,balanced,3,log2,5,10,100,"{'class_weight': 'balanced', 'max_depth': 3, 'max_features': 'log2', 'min_samples_leaf': 5, 'min_samples_split': 10, 'n_estimators': 100}",0.6654518950437318,0.6756559766763849,0.6661807580174927,0.6975218658892128,0.674690007293946,0.6759001005841536,0.011598752313101791,151
0.28592691421508787,0.011044669827966374,0.008599853515625,0.0036237109642891724,balanced,3,log2,5,10,150,"{'class_weight': 'balanced', 'max_depth': 3, 'max_features': 'log2', 'min_samples_leaf': 5, 'min_samples_split': 10, 'n_estimators': 150}",0.6647230320699709,0.6749271137026239,0.6654518950437318,0.7011661807580175,0.6885485047410649,0.6789633452630818,0.014046196341437382,104
0.10059962272644044,0.003854414673525616,0.004736661911010742,0.0009279398240689982,balanced,3,log2,5,15,50,"{'class_weight': 'balanced', 'max_depth': 3, 'max_features': 'log2', 'min_samples_leaf': 5, 'min_samples_split': 15, 'n_estimators': 50}",0.6661807580174927,0.6778425655976676,0.6749271137026239,0.6953352769679301,0.6790663749088257,0.678670417838908,0.009471679676130237,114
0.1849804401397705,0.009639966607166192,0.007719230651855469,0.0018409192665447193,balanced,3,log2,5,15,100,"{'class_weight': 'balanced', 'max_depth': 3, 'max_features': 'log2', 'min_samples_leaf': 5, 'min_samples_split': 15, 'n_estimators': 100}",0.6632653061224489,0.6756559766763849,0.6669096209912536,0.6975218658892128,0.6739606126914661,0.6754626764741533,0.011923355230933236,159
0.27159781455993653,0.009021247327811684,0.008989810943603516,0.0017233396334443353,balanced,3,log2,5,15,150,"{'class_weight': 'balanced', 'max_depth': 3, 'max_features': 'log2', 'min_samples_leaf': 5, 'min_samples_split': 15, 'n_estimators': 150}",0.6639941690962099,0.674198250728863,0.6661807580174927,0.7018950437317785,0.687819110138585,0.6788174663425858,0.01424329920080444,111
0.08954215049743652,0.01046641208134231,0.003953361511230468,0.0013072061775165882,balanced,3,log2,10,5,50,"{'class_weight': 'balanced', 'max_depth': 3, 'max_features': 'log2', 'min_samples_leaf': 10, 'min_samples_split': 5, 'n_estimators': 50}",0.6639941690962099,0.6793002915451894,0.6698250728862973,0.6960641399416909,0.6797957695113056,0.6777958885961387,0.010899661677017326,134
0.17908930778503418,0.009276077883520155,0.007202577590942383,0.0018221586745725835,balanced,3,log2,10,5,100,"{'class_weight': 'balanced', 'max_depth': 3, 'max_features': 'log2', 'min_samples_leaf': 10, 'min_samples_split': 5, 'n_estimators': 100}",0.6632653061224489,0.6771137026239067,0.6669096209912536,0.6997084548104956,0.6761487964989059,0.6766291762094021,0.01269788493095681,145
0.2515955924987793,0.006118170537187875,0.009290170669555665,0.0021853147070165263,balanced,3,log2,10,5,150,"{'class_weight': 'balanced', 'max_depth': 3, 'max_features': 'log2', 'min_samples_leaf': 10, 'min_samples_split': 5, 'n_estimators': 150}",0.6610787172011662,0.6720116618075802,0.6647230320699709,0.7018950437317785,0.6856309263311452,0.6770678762283282,0.01498884759590488,139
0.0914802074432373,0.005426154489883527,0.004677391052246094,0.0015070259379533955,balanced,3,log2,10,10,50,"{'class_weight': 'balanced', 'max_depth': 3, 'max_features': 'log2', 'min_samples_leaf': 10, 'min_samples_split': 10, 'n_estimators': 50}",0.6639941690962099,0.6793002915451894,0.6698250728862973,0.6960641399416909,0.6797957695113056,0.6777958885961387,0.010899661677017326,134
0.17668523788452148,0.008900870015816251,0.0064907073974609375,0.0018733203528589202,balanced,3,log2,10,10,100,"{'class_weight': 'balanced', 'max_depth': 3, 'max_features': 'log2', 'min_samples_leaf': 10, 'min_samples_split': 10, 'n_estimators': 100}",0.6632653061224489,0.6771137026239067,0.6669096209912536,0.6997084548104956,0.6761487964989059,0.6766291762094021,0.01269788493095681,145
0.2593070030212402,0.027260483745735118,0.007057857513427734,0.0012885373379103657,balanced,3,log2,10,10,150,"{'class_weight': 'balanced', 'max_depth': 3, 'max_features': 'log2', 'min_samples_leaf': 10, 'min_samples_split': 10, 'n_estimators': 150}",0.6610787172011662,0.6720116618075802,0.6647230320699709,0.7018950437317785,0.6856309263311452,0.6770678762283282,0.01498884759590488,139
0.09126663208007812,0.008850200239873622,0.003860759735107422,0.0013643315100633688,balanced,3,log2,10,15,50,"{'class_weight': 'balanced', 'max_depth': 3, 'max_features': 'log2', 'min_samples_leaf': 10, 'min_samples_split': 15, 'n_estimators': 50}",0.6639941690962099,0.6793002915451894,0.6698250728862973,0.6960641399416909,0.6797957695113056,0.6777958885961387,0.010899661677017326,134
0.1806572437286377,0.008817848214753513,0.005223131179809571,0.0008673347249114748,balanced,3,log2,10,15,100,"{'class_weight': 'balanced', 'max_depth': 3, 'max_features': 'log2', 'min_samples_leaf': 10, 'min_samples_split': 15, 'n_estimators': 100}",0.6632653061224489,0.6771137026239067,0.6669096209912536,0.6997084548104956,0.6761487964989059,0.6766291762094021,0.01269788493095681,145
0.26536927223205564,0.01625294646787201,0.00876312255859375,0.001912415482348756,balanced,3,log2,10,15,150,"{'class_weight': 'balanced', 'max_depth': 3, 'max_features': 'log2', 'min_samples_leaf': 10, 'min_samples_split': 15, 'n_estimators': 150}",0.6610787172011662,0.6720116618075802,0.6647230320699709,0.7018950437317785,0.6856309263311452,0.6770678762283282,0.01498884759590488,139
0.08291077613830566,0.004755644725220714,0.004430007934570312,0.001669255649958356,balanced,3,log2,15,5,50,"{'class_weight': 'balanced', 'max_depth': 3, 'max_features': 'log2', 'min_samples_leaf': 15, 'min_samples_split': 5, 'n_estimators': 50}",0.6683673469387755,0.673469387755102,0.6647230320699709,0.6960641399416909,0.675419401896426,0.675608661720393,0.01089928873178571,153
0.1718822479248047,0.01373631002524247,0.006806516647338867,0.002578895814441613,balanced,3,log2,15,5,100,"{'class_weight': 'balanced', 'max_depth': 3, 'max_features': 'log2', 'min_samples_leaf': 15, 'min_samples_split': 5, 'n_estimators': 100}",0.6661807580174927,0.6749271137026239,0.6647230320699709,0.6895043731778425,0.675419401896426,0.6741509357728713,0.008835707106022777,160
0.2673743724822998,0.024597282012563112,0.009760665893554687,0.002918223553166132,balanced,3,log2,15,5,150,"{'class_weight': 'balanced', 'max_depth': 3, 'max_features': 'log2', 'min_samples_leaf': 15, 'min_samples_split': 5, 'n_estimators': 150}",0.6647230320699709,0.672740524781341,0.6632653061224489,0.6924198250728864,0.6892778993435449,0.6764853174780384,0.012204115811314994,148
0.08919315338134766,0.0044493723176246185,0.004018163681030274,0.0011504887642730434,balanced,3,log2,15,10,50,"{'class_weight': 'balanced', 'max_depth': 3, 'max_features': 'log2', 'min_samples_leaf': 15, 'min_samples_split': 10, 'n_estimators': 50}",0.6683673469387755,0.673469387755102,0.6647230320699709,0.6960641399416909,0.675419401896426,0.675608661720393,0.01089928873178571,153
0.19835209846496582,0.0071487717369622715,0.007384729385375976,0.001316517449949977,balanced,3,log2,15,10,100,"{'class_weight': 'balanced', 'max_depth': 3, 'max_features': 'log2', 'min_samples_leaf': 15, 'min_samples_split': 10, 'n_estimators': 100}",0.6661807580174927,0.6749271137026239,0.6647230320699709,0.6895043731778425,0.675419401896426,0.6741509357728713,0.008835707106022777,160
0.2816794395446777,0.01733882350906142,0.0074081897735595705,0.001525363845620561,balanced,3,log2,15,10,150,"{'class_weight': 'balanced', 'max_depth': 3, 'max_features': 'log2', 'min_samples_leaf': 15, 'min_samples_split': 10, 'n_estimators': 150}",0.6647230320699709,0.672740524781341,0.6632653061224489,0.6924198250728864,0.6892778993435449,0.6764853174780384,0.012204115811314994,148
0.08470172882080078,0.0076854406112234815,0.0032050609588623047,0.000727600630692878,balanced,3,log2,15,15,50,"{'class_weight': 'balanced', 'max_depth': 3, 'max_features': 'log2', 'min_samples_leaf': 15, 'min_samples_split': 15, 'n_estimators': 50}",0.6683673469387755,0.673469387755102,0.6647230320699709,0.6960641399416909,0.675419401896426,0.675608661720393,0.01089928873178571,153
0.17751622200012207,0.009080967155877374,0.0059391498565673825,0.001473150509786735,balanced,3,log2,15,15,100,"{'class_weight': 'balanced', 'max_depth': 3, 'max_features': 'log2', 'min_samples_leaf': 15, 'min_samples_split': 15, 'n_estimators': 100}",0.6661807580174927,0.6749271137026239,0.6647230320699709,0.6895043731778425,0.675419401896426,0.6741509357728713,0.008835707106022777,160
0.2670870304107666,0.015930270782577714,0.008627605438232423,0.0014197453310570596,balanced,3,log2,15,15,150,"{'class_weight': 'balanced', 'max_depth': 3, 'max_features': 'log2', 'min_samples_leaf': 15, 'min_samples_split': 15, 'n_estimators': 150}",0.6647230320699709,0.672740524781341,0.6632653061224489,0.6924198250728864,0.6892778993435449,0.6764853174780384,0.012204115811314994,148
0.17907195091247557,0.0075059516621082505,0.006141567230224609,0.0033513617488688803,balanced,5,sqrt,5,5,50,"{'class_weight': 'balanced', 'max_depth': 5, 'max_features': 'sqrt', 'min_samples_leaf': 5, 'min_samples_split': 5, 'n_estimators': 50}",0.6639941690962099,0.6749271137026239,0.6705539358600583,0.706997084548105,0.6943836615609045,0.6821711929535803,0.016020679297898105,77
0.3086709976196289,0.01762603739789911,0.007430648803710938,0.0008775960952469193,balanced,5,sqrt,5,5,100,"{'class_weight': 'balanced', 'max_depth': 5, 'max_features': 'sqrt', 'min_samples_leaf': 5, 'min_samples_split': 5, 'n_estimators': 100}",0.6654518950437318,0.6793002915451894,0.6683673469387755,0.7135568513119533,0.6980306345733042,0.684941403882591,0.01831138584824917,61
0.4431175708770752,0.014499990654001082,0.010828924179077149,0.001832081632176573,balanced,5,sqrt,5,5,150,"{'class_weight': 'balanced', 'max_depth': 5, 'max_features': 'sqrt', 'min_samples_leaf': 5, 'min_samples_split': 5, 'n_estimators': 150}",0.6690962099125365,0.6785714285714286,0.6756559766763849,0.7106413994169096,0.6994894237782641,0.6866908876711048,0.01571430623051974,55
0.155104398727417,0.010620315897763844,0.004819107055664062,0.0012591185102987664,balanced,5,sqrt,5,10,50,"{'class_weight': 'balanced', 'max_depth': 5, 'max_features': 'sqrt', 'min_samples_leaf': 5, 'min_samples_split': 10, 'n_estimators': 50}",0.6639941690962099,0.6749271137026239,0.6705539358600583,0.706997084548105,0.6943836615609045,0.6821711929535803,0.016020679297898105,77
0.308071231842041,0.01593187163624293,0.007371139526367187,0.001560991016268074,balanced,5,sqrt,5,10,100,"{'class_weight': 'balanced', 'max_depth': 5, 'max_features': 'sqrt', 'min_samples_leaf': 5, 'min_samples_split': 10, 'n_estimators': 100}",0.6654518950437318,0.6793002915451894,0.6683673469387755,0.7135568513119533,0.6980306345733042,0.684941403882591,0.01831138584824917,61
0.4558258056640625,0.02513884296456746,0.011824512481689453,0.0032546530611023837,balanced,5,sqrt,5,10,150,"{'class_weight': 'balanced', 'max_depth': 5, 'max_features': 'sqrt', 'min_samples_leaf': 5, 'min_samples_split': 10, 'n_estimators': 150}",0.6690962099125365,0.6785714285714286,0.6756559766763849,0.7106413994169096,0.6994894237782641,0.6866908876711048,0.01571430623051974,55
0.14863896369934082,0.006366852237158312,0.0045337677001953125,0.0014726235304884081,balanced,5,sqrt,5,15,50,"{'class_weight': 'balanced', 'max_depth': 5, 'max_features': 'sqrt', 'min_samples_leaf': 5, 'min_samples_split': 15, 'n_estimators': 50}",0.672740524781341,0.6785714285714286,0.6720116618075802,0.706997084548105,0.6892778993435449,0.6839197198103999,0.013089349236838289,67
0.29322991371154783,0.007111626706554032,0.00824275016784668,0.0016822747402855723,balanced,5,sqrt,5,15,100,"{'class_weight': 'balanced', 'max_depth': 5, 'max_features': 'sqrt', 'min_samples_leaf': 5, 'min_samples_split': 15, 'n_estimators': 100}",0.6669096209912536,0.6778425655976676,0.673469387755102,0.7113702623906706,0.6921954777534646,0.6843574628976318,0.015852741514702076,63
0.4522923469543457,0.013749233826554462,0.011878108978271485,0.0020217978762959057,balanced,5,sqrt,5,15,150,"{'class_weight': 'balanced', 'max_depth': 5, 'max_features': 'sqrt', 'min_samples_leaf': 5, 'min_samples_split': 15, 'n_estimators': 150}",0.6669096209912536,0.6836734693877551,0.6763848396501457,0.7084548104956269,0.6965718453683443,0.686398917178625,0.014679873148296566,57
0.14628076553344727,0.007981661309690297,0.005120134353637696,0.0015995082708989763,balanced,5,sqrt,10,5,50,"{'class_weight': 'balanced', 'max_depth': 5, 'max_features': 'sqrt', 'min_samples_leaf': 10, 'min_samples_split': 5, 'n_estimators': 50}",0.6581632653061225,0.6793002915451894,0.6807580174927114,0.7135568513119533,0.687819110138585,0.6839195071589124,0.017822992094594148,68
0.2889430999755859,0.006159133533668958,0.008713150024414062,0.0022774766694501746,balanced,5,sqrt,10,5,100,"{'class_weight': 'balanced', 'max_depth': 5, 'max_features': 'sqrt', 'min_samples_leaf': 10, 'min_samples_split': 5, 'n_estimators': 100}",0.6603498542274052,0.6771137026239067,0.6763848396501457,0.7055393586005831,0.6965718453683443,0.683191920094077,0.016021681890421222,74
0.448876953125,0.014127760483056443,0.010216045379638671,0.002637114897965369,balanced,5,sqrt,10,5,150,"{'class_weight': 'balanced', 'max_depth': 5, 'max_features': 'sqrt', 'min_samples_leaf': 10, 'min_samples_split': 5, 'n_estimators': 150}",0.6639941690962099,0.6836734693877551,0.6756559766763849,0.7055393586005831,0.6965718453683443,0.6850869638258554,0.0147380489259148,58
0.14930973052978516,0.007819694856747583,0.0036707401275634767,0.00018681451429380786,balanced,5,sqrt,10,10,50,"{'class_weight': 'balanced', 'max_depth': 5, 'max_features': 'sqrt', 'min_samples_leaf': 10, 'min_samples_split': 10, 'n_estimators': 50}",0.6581632653061225,0.6793002915451894,0.6807580174927114,0.7135568513119533,0.687819110138585,0.6839195071589124,0.017822992094594148,68
0.2924648761749268,0.004381247516498348,0.006962823867797852,0.001577065581464972,balanced,5,sqrt,10,10,100,"{'class_weight': 'balanced', 'max_depth': 5, 'max_features': 'sqrt', 'min_samples_leaf': 10, 'min_samples_split': 10, 'n_estimators': 100}",0.6603498542274052,0.6771137026239067,0.6763848396501457,0.7055393586005831,0.6965718453683443,0.683191920094077,0.016021681890421222,74
0.4482139587402344,0.01883852988221014,0.009025192260742188,0.0008846990809716495,balanced,5,sqrt,10,10,150,"{'class_weight': 'balanced', 'max_depth': 5, 'max_features': 'sqrt', 'min_samples_leaf': 10, 'min_samples_split': 10, 'n_estimators': 150}",0.6639941690962099,0.6836734693877551,0.6756559766763849,0.7055393586005831,0.6965718453683443,0.6850869638258554,0.0147380489259148,58
0.14954824447631837,0.013749562839745714,0.0048906803131103516,0.0016550491391128458,balanced,5,sqrt,10,15,50,"{'class_weight': 'balanced', 'max_depth': 5, 'max_features': 'sqrt', 'min_samples_leaf': 10, 'min_samples_split': 15, 'n_estimators': 50}",0.6581632653061225,0.6793002915451894,0.6807580174927114,0.7135568513119533,0.687819110138585,0.6839195071589124,0.017822992094594148,68
0.29758338928222655,0.005267265993719068,0.00763998031616211,0.0010687286624994881,balanced,5,sqrt,10,15,100,"{'class_weight': 'balanced', 'max_depth': 5, 'max_features': 'sqrt', 'min_samples_leaf': 10, 'min_samples_split': 15, 'n_estimators': 100}",0.6603498542274052,0.6771137026239067,0.6763848396501457,0.7055393586005831,0.6965718453683443,0.683191920094077,0.016021681890421222,74
0.4443666934967041,0.013092355582652971,0.01056208610534668,0.0017865309322557708,balanced,5,sqrt,10,15,150,"{'class_weight': 'balanced', 'max_depth': 5, 'max_features': 'sqrt', 'min_samples_leaf': 10, 'min_samples_split': 15, 'n_estimators': 150}",0.6639941690962099,0.6836734693877551,0.6756559766763849,0.7055393586005831,0.6965718453683443,0.6850869638258554,0.0147380489259148,58
0.1509490966796875,0.008836938688739478,0.0041598320007324215,0.0005981834554658068,balanced,5,sqrt,15,5,50,"{'class_weight': 'balanced', 'max_depth': 5, 'max_features': 'sqrt', 'min_samples_leaf': 15, 'min_samples_split': 5, 'n_estimators': 50}",0.6632653061224489,0.684402332361516,0.6763848396501457,0.7026239067055393,0.6841721371261853,0.6821697043931672,0.012792260869789617,79
0.308004093170166,0.005898216478934316,0.009718942642211913,0.002197729526787116,balanced,5,sqrt,15,5,100,"{'class_weight': 'balanced', 'max_depth': 5, 'max_features': 'sqrt', 'min_samples_leaf': 15, 'min_samples_split': 5, 'n_estimators': 100}",0.6632653061224489,0.6800291545189504,0.6712827988338192,0.7077259475218659,0.6958424507658644,0.6836291315525898,0.016185789189638353,71
0.4301349639892578,0.010148086318346813,0.011365985870361328,0.0027405032285418196,balanced,5,sqrt,15,5,150,"{'class_weight': 'balanced', 'max_depth': 5, 'max_features': 'sqrt', 'min_samples_leaf': 15, 'min_samples_split': 5, 'n_estimators': 150}",0.6654518950437318,0.6836734693877551,0.674198250728863,0.7018950437317785,0.6951130561633844,0.6840663430111025,0.01329604233567942,64
0.15766186714172364,0.010688945408787506,0.005014991760253907,0.0018087817895137985,balanced,5,sqrt,15,10,50,"{'class_weight': 'balanced', 'max_depth': 5, 'max_features': 'sqrt', 'min_samples_leaf': 15, 'min_samples_split': 10, 'n_estimators': 50}",0.6632653061224489,0.684402332361516,0.6763848396501457,0.7026239067055393,0.6841721371261853,0.6821697043931672,0.012792260869789617,79
0.3079079627990723,0.010354908223510562,0.007079172134399414,0.0013234737124575818,balanced,5,sqrt,15,10,100,"{'class_weight': 'balanced', 'max_depth': 5, 'max_features': 'sqrt', 'min_samples_leaf': 15, 'min_samples_split': 10, 'n_estimators': 100}",0.6632653061224489,0.6800291545189504,0.6712827988338192,0.7077259475218659,0.6958424507658644,0.6836291315525898,0.016185789189638353,71
0.4513957977294922,0.012779396922960927,0.010242366790771484,0.002145144226978787,balanced,5,sqrt,15,10,150,"{'class_weight': 'balanced', 'max_depth': 5, 'max_features': 'sqrt', 'min_samples_leaf': 15, 'min_samples_split': 10, 'n_estimators': 150}",0.6654518950437318,0.6836734693877551,0.674198250728863,0.7018950437317785,0.6951130561633844,0.6840663430111025,0.01329604233567942,64
0.14957542419433595,0.007105169242752305,0.004376649856567383,0.000854783827961536,balanced,5,sqrt,15,15,50,"{'class_weight': 'balanced', 'max_depth': 5, 'max_features': 'sqrt', 'min_samples_leaf': 15, 'min_samples_split': 15, 'n_estimators': 50}",0.6632653061224489,0.684402332361516,0.6763848396501457,0.7026239067055393,0.6841721371261853,0.6821697043931672,0.012792260869789617,79
0.298404598236084,0.00449050770054928,0.007325649261474609,0.001178659539246657,balanced,5,sqrt,15,15,100,"{'class_weight': 'balanced', 'max_depth': 5, 'max_features': 'sqrt', 'min_samples_leaf': 15, 'min_samples_split': 15, 'n_estimators': 100}",0.6632653061224489,0.6800291545189504,0.6712827988338192,0.7077259475218659,0.6958424507658644,0.6836291315525898,0.016185789189638353,71
0.44568963050842286,0.015755309788013573,0.011422681808471679,0.0016894018206212251,balanced,5,sqrt,15,15,150,"{'class_weight': 'balanced', 'max_depth': 5, 'max_features': 'sqrt', 'min_samples_leaf': 15, 'min_samples_split': 15, 'n_estimators': 150}",0.6654518950437318,0.6836734693877551,0.674198250728863,0.7018950437317785,0.6951130561633844,0.6840663430111025,0.01329604233567942,64
0.12712278366088867,0.009263736765213294,0.004952383041381836,0.0006671914718974918,balanced,5,log2,5,5,50,"{'class_weight': 'balanced', 'max_depth': 5, 'max_features': 'log2', 'min_samples_leaf': 5, 'min_samples_split': 5, 'n_estimators': 50}",0.6639941690962099,0.6756559766763849,0.6807580174927114,0.7004373177842566,0.6892778993435449,0.6820246760786215,0.01231989091187921,82
0.23022303581237794,0.005757394389930796,0.005536556243896484,7.485538487991615e-05,balanced,5,log2,5,5,100,"{'class_weight': 'balanced', 'max_depth': 5, 'max_features': 'log2', 'min_samples_leaf': 5, 'min_samples_split': 5, 'n_estimators': 100}",0.6669096209912536,0.6778425655976676,0.6690962099125365,0.6916909620991254,0.6885485047410649,0.6788175726683295,0.009976673195031018,109
0.35577640533447263,0.017390240211891304,0.008115816116333007,0.0006326856724128097,balanced,5,log2,5,5,150,"{'class_weight': 'balanced', 'max_depth': 5, 'max_features': 'log2', 'min_samples_leaf': 5, 'min_samples_split': 5, 'n_estimators': 150}",0.6654518950437318,0.6793002915451894,0.6683673469387755,0.6997084548104956,0.6885485047410649,0.6802752986158515,0.012716734995029585,92
0.12508811950683593,0.009750497399271793,0.005091619491577148,0.0016573605226562751,balanced,5,log2,5,10,50,"{'class_weight': 'balanced', 'max_depth': 5, 'max_features': 'log2', 'min_samples_leaf': 5, 'min_samples_split': 10, 'n_estimators': 50}",0.6639941690962099,0.6756559766763849,0.6807580174927114,0.7004373177842566,0.6892778993435449,0.6820246760786215,0.01231989091187921,82
0.23826813697814941,0.013188733763309545,0.008150005340576172,0.001863938474483073,balanced,5,log2,5,10,100,"{'class_weight': 'balanced', 'max_depth': 5, 'max_features': 'log2', 'min_samples_leaf': 5, 'min_samples_split': 10, 'n_estimators': 100}",0.6669096209912536,0.6778425655976676,0.6690962099125365,0.6916909620991254,0.6885485047410649,0.6788175726683295,0.009976673195031018,109
0.35365967750549315,0.02055166861374399,0.008437585830688477,0.0015696162487832007,balanced,5,log2,5,10,150,"{'class_weight': 'balanced', 'max_depth': 5, 'max_features': 'log2', 'min_samples_leaf': 5, 'min_samples_split': 10, 'n_estimators': 150}",0.6654518950437318,0.6793002915451894,0.6683673469387755,0.6997084548104956,0.6885485047410649,0.6802752986158515,0.012716734995029585,92
0.1259593963623047,0.01046067005316956,0.004311800003051758,0.000854558229023058,balanced,5,log2,5,15,50,"{'class_weight': 'balanced', 'max_depth': 5, 'max_features': 'log2', 'min_samples_leaf': 5, 'min_samples_split': 15, 'n_estimators': 50}",0.6625364431486881,0.672740524781341,0.6822157434402333,0.6967930029154519,0.6885485047410649,0.6805668438053558,0.011967126957380336,85
0.23745365142822267,0.01464363932132948,0.008403491973876954,0.0022573021242424567,balanced,5,log2,5,15,100,"{'class_weight': 'balanced', 'max_depth': 5, 'max_features': 'log2', 'min_samples_leaf': 5, 'min_samples_split': 15, 'n_estimators': 100}",0.6632653061224489,0.6793002915451894,0.6712827988338192,0.6924198250728864,0.6929248723559446,0.6798386187860578,0.011642193333270417,94
0.34462547302246094,0.02100703838476189,0.009085988998413086,0.0018740882338792986,balanced,5,log2,5,15,150,"{'class_weight': 'balanced', 'max_depth': 5, 'max_features': 'log2', 'min_samples_leaf': 5, 'min_samples_split': 15, 'n_estimators': 150}",0.6654518950437318,0.6785714285714286,0.6705539358600583,0.6960641399416909,0.6936542669584245,0.6808591332750668,0.012196076009910194,84
0.12530746459960937,0.007271885556046388,0.005909919738769531,0.0028609205585277686,balanced,5,log2,10,5,50,"{'class_weight': 'balanced', 'max_depth': 5, 'max_features': 'log2', 'min_samples_leaf': 10, 'min_samples_split': 5, 'n_estimators': 50}",0.6632653061224489,0.6712827988338192,0.6698250728862973,0.7026239067055393,0.6921954777534646,0.6798385124603139,0.014966690738068961,95
0.239686918258667,0.022222044456210375,0.007599353790283203,0.002591698648537091,balanced,5,log2,10,5,100,"{'class_weight': 'balanced', 'max_depth': 5, 'max_features': 'log2', 'min_samples_leaf': 10, 'min_samples_split': 5, 'n_estimators': 100}",0.6690962099125365,0.6749271137026239,0.672740524781341,0.6953352769679301,0.6900072939460248,0.6804212838620913,0.010312672257478901,89
0.32901611328125,0.007785103029348438,0.008842945098876953,0.0010078902737940133,balanced,5,log2,10,5,150,"{'class_weight': 'balanced', 'max_depth': 5, 'max_features': 'log2', 'min_samples_leaf': 10, 'min_samples_split': 5, 'n_estimators': 150}",0.6654518950437318,0.6793002915451894,0.6690962099125365,0.6975218658892128,0.6907366885485048,0.6804213901878351,0.012267306181773826,86
0.12642498016357423,0.008906846370141098,0.003985929489135742,0.0007170226271533572,balanced,5,log2,10,10,50,"{'class_weight': 'balanced', 'max_depth': 5, 'max_features': 'log2', 'min_samples_leaf': 10, 'min_samples_split': 10, 'n_estimators': 50}",0.6632653061224489,0.6712827988338192,0.6698250728862973,0.7026239067055393,0.6921954777534646,0.6798385124603139,0.014966690738068961,95
0.22973227500915527,0.009454002053399456,0.007111549377441406,0.001684098623360669,balanced,5,log2,10,10,100,"{'class_weight': 'balanced', 'max_depth': 5, 'max_features': 'log2', 'min_samples_leaf': 10, 'min_samples_split': 10, 'n_estimators': 100}",0.6690962099125365,0.6749271137026239,0.672740524781341,0.6953352769679301,0.6900072939460248,0.6804212838620913,0.010312672257478901,89
0.3367485523223877,0.012430051447500267,0.011168146133422851,0.0028874580164312312,balanced,5,log2,10,10,150,"{'class_weight': 'balanced', 'max_depth': 5, 'max_features': 'log2', 'min_samples_leaf': 10, 'min_samples_split': 10, 'n_estimators': 150}",0.6654518950437318,0.6793002915451894,0.6690962099125365,0.6975218658892128,0.6907366885485048,0.6804213901878351,0.012267306181773826,86
0.12538928985595704,0.012541438419493121,0.004596519470214844,0.0011382219468196932,balanced,5,log2,10,15,50,"{'class_weight': 'balanced', 'max_depth': 5, 'max_features': 'log2', 'min_samples_leaf': 10, 'min_samples_split': 15, 'n_estimators': 50}",0.6632653061224489,0.6712827988338192,0.6698250728862973,0.7026239067055393,0.6921954777534646,0.6798385124603139,0.014966690738068961,95
0.2346195697784424,0.017630730043986756,0.007653427124023437,0.001755611265385825,balanced,5,log2,10,15,100,"{'class_weight': 'balanced', 'max_depth': 5, 'max_features': 'log2', 'min_samples_leaf': 10, 'min_samples_split': 15, 'n_estimators': 100}",0.6690962099125365,0.6749271137026239,0.672740524781341,0.6953352769679301,0.6900072939460248,0.6804212838620913,0.010312672257478901,89
0.3635139465332031,0.012664047682000518,0.011229515075683594,0.002372900580525155,balanced,5,log2,10,15,150,"{'class_weight': 'balanced', 'max_depth': 5, 'max_features': 'log2', 'min_samples_leaf': 10, 'min_samples_split': 15, 'n_estimators': 150}",0.6654518950437318,0.6793002915451894,0.6690962099125365,0.6975218658892128,0.6907366885485048,0.6804213901878351,0.012267306181773826,86
0.1321560859680176,0.016543169114437952,0.005335712432861328,0.0014765953250774145,balanced,5,log2,15,5,50,"{'class_weight': 'balanced', 'max_depth': 5, 'max_features': 'log2', 'min_samples_leaf': 15, 'min_samples_split': 5, 'n_estimators': 50}",0.6639941690962099,0.6683673469387755,0.6661807580174927,0.6975218658892128,0.6812545587162655,0.6754637397315912,0.012555302503986364,156
0.23319640159606933,0.005185551789118606,0.007120847702026367,0.0018018673295767135,balanced,5,log2,15,5,100,"{'class_weight': 'balanced', 'max_depth': 5, 'max_features': 'log2', 'min_samples_leaf': 15, 'min_samples_split': 5, 'n_estimators': 100}",0.6669096209912536,0.6756559766763849,0.6720116618075802,0.6938775510204082,0.6863603209336251,0.6789630262858504,0.009815351655328174,106
0.3351913928985596,0.02074956294606142,0.009366846084594727,0.001636031170828319,balanced,5,log2,15,5,150,"{'class_weight': 'balanced', 'max_depth': 5, 'max_features': 'log2', 'min_samples_leaf': 15, 'min_samples_split': 5, 'n_estimators': 150}",0.6676384839650146,0.6778425655976676,0.6654518950437318,0.6960641399416909,0.6907366885485048,0.6795467546193219,0.012177149714776913,101
0.1197587490081787,0.0067303253989524515,0.005039024353027344,0.0013958463539157115,balanced,5,log2,15,10,50,"{'class_weight': 'balanced', 'max_depth': 5, 'max_features': 'log2', 'min_samples_leaf': 15, 'min_samples_split': 10, 'n_estimators': 50}",0.6639941690962099,0.6683673469387755,0.6661807580174927,0.6975218658892128,0.6812545587162655,0.6754637397315912,0.012555302503986364,156
0.22845125198364258,0.014731178998399498,0.00614781379699707,0.0008414541253272832,balanced,5,log2,15,10,100,"{'class_weight': 'balanced', 'max_depth': 5, 'max_features': 'log2', 'min_samples_leaf': 15, 'min_samples_split': 10, 'n_estimators': 100}",0.6669096209912536,0.6756559766763849,0.6720116618075802,0.6938775510204082,0.6863603209336251,0.6789630262858504,0.009815351655328174,106
0.34755806922912597,0.024243962113934706,0.010407590866088867,0.002192857400784363,balanced,5,log2,15,10,150,"{'class_weight': 'balanced', 'max_depth': 5, 'max_features': 'log2', 'min_samples_leaf': 15, 'min_samples_split': 10, 'n_estimators': 150}",0.6676384839650146,0.6778425655976676,0.6654518950437318,0.6960641399416909,0.6907366885485048,0.6795467546193219,0.012177149714776913,101
0.11939234733581543,0.01046389088641239,0.005082082748413086,0.0009885369468992647,balanced,5,log2,15,15,50,"{'class_weight': 'balanced', 'max_depth': 5, 'max_features': 'log2', 'min_samples_leaf': 15, 'min_samples_split': 15, 'n_estimators': 50}",0.6639941690962099,0.6683673469387755,0.6661807580174927,0.6975218658892128,0.6812545587162655,0.6754637397315912,0.012555302503986364,156
0.23980560302734374,0.005177491984765422,0.006888437271118164,0.0015842142717777375,balanced,5,log2,15,15,100,"{'class_weight': 'balanced', 'max_depth': 5, 'max_features': 'log2', 'min_samples_leaf': 15, 'min_samples_split': 15, 'n_estimators': 100}",0.6669096209912536,0.6756559766763849,0.6720116618075802,0.6938775510204082,0.6863603209336251,0.6789630262858504,0.009815351655328174,106
0.34771103858947755,0.015609415841784298,0.008897781372070312,0.0017553603985074138,balanced,5,log2,15,15,150,"{'class_weight': 'balanced', 'max_depth': 5, 'max_features': 'log2', 'min_samples_leaf': 15, 'min_samples_split': 15, 'n_estimators': 150}",0.6676384839650146,0.6778425655976676,0.6654518950437318,0.6960641399416909,0.6907366885485048,0.6795467546193219,0.012177149714776913,101
0.19302606582641602,0.008549284549061618,0.005045175552368164,0.0012857199049005695,balanced,7,sqrt,5,5,50,"{'class_weight': 'balanced', 'max_depth': 7, 'max_features': 'sqrt', 'min_samples_leaf': 5, 'min_samples_split': 5, 'n_estimators': 50}",0.6793002915451894,0.6880466472303207,0.6982507288629738,0.7266763848396501,0.7111597374179431,0.7006867579792154,0.016782321572427716,12
0.38445563316345216,0.013385055218845879,0.009285259246826171,0.001784654880600362,balanced,7,sqrt,5,5,100,"{'class_weight': 'balanced', 'max_depth': 7, 'max_features': 'sqrt', 'min_samples_leaf': 5, 'min_samples_split': 5, 'n_estimators': 100}",0.6778425655976676,0.6880466472303207,0.6989795918367347,0.7215743440233237,0.7162654996353027,0.7005417296646699,0.01651318998754969,14
0.5702825546264648,0.012153530600908354,0.013534832000732421,0.004883966135949499,balanced,7,sqrt,5,5,150,"{'class_weight': 'balanced', 'max_depth': 7, 'max_features': 'sqrt', 'min_samples_leaf': 5, 'min_samples_split': 5, 'n_estimators': 150}",0.6793002915451894,0.6997084548104956,0.7018950437317785,0.7252186588921283,0.7177242888402626,0.7047693475639709,0.01592828873255277,1
0.19084057807922364,0.007885276271688906,0.005248212814331054,0.0011378552962343265,balanced,7,sqrt,5,10,50,"{'class_weight': 'balanced', 'max_depth': 7, 'max_features': 'sqrt', 'min_samples_leaf': 5, 'min_samples_split': 10, 'n_estimators': 50}",0.6793002915451894,0.6880466472303207,0.6982507288629738,0.7266763848396501,0.7111597374179431,0.7006867579792154,0.016782321572427716,12
0.4095592498779297,0.02069816455753354,0.008797025680541993,0.0015344795237308858,balanced,7,sqrt,5,10,100,"{'class_weight': 'balanced', 'max_depth': 7, 'max_features': 'sqrt', 'min_samples_leaf': 5, 'min_samples_split': 10, 'n_estimators': 100}",0.6778425655976676,0.6880466472303207,0.6989795918367347,0.7215743440233237,0.7162654996353027,0.7005417296646699,0.01651318998754969,14
0.5849106311798096,0.017334107118945587,0.012962150573730468,0.0023192257515793763,balanced,7,sqrt,5,10,150,"{'class_weight': 'balanced', 'max_depth': 7, 'max_features': 'sqrt', 'min_samples_leaf': 5, 'min_samples_split': 10, 'n_estimators': 150}",0.6793002915451894,0.6997084548104956,0.7018950437317785,0.7252186588921283,0.7177242888402626,0.7047693475639709,0.01592828873255277,1
0.18547849655151366,0.012878600676523565,0.00494236946105957,0.0010719031240633968,balanced,7,sqrt,5,15,50,"{'class_weight': 'balanced', 'max_depth': 7, 'max_features': 'sqrt', 'min_samples_leaf': 5, 'min_samples_split': 15, 'n_estimators': 50}",0.672740524781341,0.6960641399416909,0.6975218658892128,0.7252186588921283,0.7162654996353027,0.7015621378279352,0.018182722535432076,8
0.3764373779296875,0.007838461041155232,0.0077133655548095705,0.001511031118086066,balanced,7,sqrt,5,15,100,"{'class_weight': 'balanced', 'max_depth': 7, 'max_features': 'sqrt', 'min_samples_leaf': 5, 'min_samples_split': 15, 'n_estimators': 100}",0.674198250728863,0.6938775510204082,0.6997084548104956,0.7237609329446064,0.7235594456601021,0.7030209270328951,0.018853641871399037,3
0.5602505207061768,0.009820278153977737,0.015499687194824219,0.0017926037726062774,balanced,7,sqrt,5,15,150,"{'class_weight': 'balanced', 'max_depth': 7, 'max_features': 'sqrt', 'min_samples_leaf': 5, 'min_samples_split': 15, 'n_estimators': 150}",0.6771137026239067,0.6895043731778425,0.7004373177842566,0.7244897959183674,0.7169948942377826,0.7017080167484312,0.017367336957826825,7
0.19062514305114747,0.004200938209095402,0.004801321029663086,0.0011854591749642773,balanced,7,sqrt,10,5,50,"{'class_weight': 'balanced', 'max_depth': 7, 'max_features': 'sqrt', 'min_samples_leaf': 10, 'min_samples_split': 5, 'n_estimators': 50}",0.6822157434402333,0.6924198250728864,0.6989795918367347,0.7259475218658892,0.711889132020423,0.7022903628472333,0.01525238740295314,4
0.3772133350372314,0.008879994654345991,0.009023809432983398,0.0017001136257228286,balanced,7,sqrt,10,5,100,"{'class_weight': 'balanced', 'max_depth': 7, 'max_features': 'sqrt', 'min_samples_leaf': 10, 'min_samples_split': 5, 'n_estimators': 100}",0.6793002915451894,0.6909620991253644,0.6909620991253644,0.7317784256559767,0.7133479212253829,0.7012701673354556,0.018824526275393005,9
0.5533123970031738,0.025999510545369652,0.011678743362426757,0.001220159497134368,balanced,7,sqrt,10,5,150,"{'class_weight': 'balanced', 'max_depth': 7, 'max_features': 'sqrt', 'min_samples_leaf': 10, 'min_samples_split': 5, 'n_estimators': 150}",0.6814868804664723,0.6873177842565598,0.6909620991253644,0.7266763848396501,0.7148067104303428,0.700249971823678,0.01741156854257284,16
0.1906424045562744,0.01783296559204205,0.006193971633911133,0.0008334466387507481,balanced,7,sqrt,10,10,50,"{'class_weight': 'balanced', 'max_depth': 7, 'max_features': 'sqrt', 'min_samples_leaf': 10, 'min_samples_split': 10, 'n_estimators': 50}",0.6822157434402333,0.6924198250728864,0.6989795918367347,0.7259475218658892,0.711889132020423,0.7022903628472333,0.01525238740295314,4
0.3721416473388672,0.007336467287436909,0.010336208343505859,0.002568216689337304,balanced,7,sqrt,10,10,100,"{'class_weight': 'balanced', 'max_depth': 7, 'max_features': 'sqrt', 'min_samples_leaf': 10, 'min_samples_split': 10, 'n_estimators': 100}",0.6793002915451894,0.6909620991253644,0.6909620991253644,0.7317784256559767,0.7133479212253829,0.7012701673354556,0.018824526275393005,9
0.5626132011413574,0.02295988326407765,0.01587538719177246,0.004559813921433475,balanced,7,sqrt,10,10,150,"{'class_weight': 'balanced', 'max_depth': 7, 'max_features': 'sqrt', 'min_samples_leaf': 10, 'min_samples_split': 10, 'n_estimators': 150}",0.6814868804664723,0.6873177842565598,0.6909620991253644,0.7266763848396501,0.7148067104303428,0.700249971823678,0.01741156854257284,16
0.19787817001342772,0.016207192732050187,0.005249214172363281,0.0009035134380889566,balanced,7,sqrt,10,15,50,"{'class_weight': 'balanced', 'max_depth': 7, 'max_features': 'sqrt', 'min_samples_leaf': 10, 'min_samples_split': 15, 'n_estimators': 50}",0.6822157434402333,0.6924198250728864,0.6989795918367347,0.7259475218658892,0.711889132020423,0.7022903628472333,0.01525238740295314,4
0.39089126586914064,0.013037758245648028,0.0109283447265625,0.0032788813336882554,balanced,7,sqrt,10,15,100,"{'class_weight': 'balanced', 'max_depth': 7, 'max_features': 'sqrt', 'min_samples_leaf': 10, 'min_samples_split': 15, 'n_estimators': 100}",0.6793002915451894,0.6909620991253644,0.6909620991253644,0.7317784256559767,0.7133479212253829,0.7012701673354556,0.018824526275393005,9
0.5770568370819091,0.02693651780146554,0.014071130752563476,0.0031800947741244903,balanced,7,sqrt,10,15,150,"{'class_weight': 'balanced', 'max_depth': 7, 'max_features': 'sqrt', 'min_samples_leaf': 10, 'min_samples_split': 15, 'n_estimators': 150}",0.6814868804664723,0.6873177842565598,0.6909620991253644,0.7266763848396501,0.7148067104303428,0.700249971823678,0.01741156854257284,16
0.18723883628845214,0.015088158072703436,0.004825592041015625,0.0006635854419048802,balanced,7,sqrt,15,5,50,"{'class_weight': 'balanced', 'max_depth': 7, 'max_features': 'sqrt', 'min_samples_leaf': 15, 'min_samples_split': 5, 'n_estimators': 50}",0.6683673469387755,0.6938775510204082,0.6982507288629738,0.717201166180758,0.711889132020423,0.6979171850046677,0.017068743699309146,25
0.3863569736480713,0.023191775998854254,0.009665775299072265,0.00234776303365786,balanced,7,sqrt,15,5,100,"{'class_weight': 'balanced', 'max_depth': 7, 'max_features': 'sqrt', 'min_samples_leaf': 15, 'min_samples_split': 5, 'n_estimators': 100}",0.6749271137026239,0.6946064139941691,0.6946064139941691,0.717930029154519,0.7140773158278628,0.6992294573346689,0.015514633438722024,22
0.5692655563354492,0.03417370962736057,0.013381195068359376,0.004214830676392782,balanced,7,sqrt,15,5,150,"{'class_weight': 'balanced', 'max_depth': 7, 'max_features': 'sqrt', 'min_samples_leaf': 15, 'min_samples_split': 5, 'n_estimators': 150}",0.6749271137026239,0.6946064139941691,0.6982507288629738,0.7193877551020408,0.7111597374179431,0.6996663498159501,0.015235934639541105,19
0.18490071296691896,0.01280187792226751,0.005358600616455078,0.0014603534623033481,balanced,7,sqrt,15,10,50,"{'class_weight': 'balanced', 'max_depth': 7, 'max_features': 'sqrt', 'min_samples_leaf': 15, 'min_samples_split': 10, 'n_estimators': 50}",0.6683673469387755,0.6938775510204082,0.6982507288629738,0.717201166180758,0.711889132020423,0.6979171850046677,0.017068743699309146,25
0.3850411891937256,0.010446171860203749,0.008966588973999023,0.0022058242828661067,balanced,7,sqrt,15,10,100,"{'class_weight': 'balanced', 'max_depth': 7, 'max_features': 'sqrt', 'min_samples_leaf': 15, 'min_samples_split': 10, 'n_estimators': 100}",0.6749271137026239,0.6946064139941691,0.6946064139941691,0.717930029154519,0.7140773158278628,0.6992294573346689,0.015514633438722024,22
0.5985299587249756,0.02614287679168744,0.014413261413574218,0.0017462703533359216,balanced,7,sqrt,15,10,150,"{'class_weight': 'balanced', 'max_depth': 7, 'max_features': 'sqrt', 'min_samples_leaf': 15, 'min_samples_split': 10, 'n_estimators': 150}",0.6749271137026239,0.6946064139941691,0.6982507288629738,0.7193877551020408,0.7111597374179431,0.6996663498159501,0.015235934639541105,19
0.20440196990966797,0.0073938299590748735,0.007044363021850586,0.0011505115984758415,balanced,7,sqrt,15,15,50,"{'class_weight': 'balanced', 'max_depth': 7, 'max_features': 'sqrt', 'min_samples_leaf': 15, 'min_samples_split': 15, 'n_estimators': 50}",0.6683673469387755,0.6938775510204082,0.6982507288629738,0.717201166180758,0.711889132020423,0.6979171850046677,0.017068743699309146,25
0.4005211353302002,0.01689264001828962,0.010514783859252929,0.003526734813546715,balanced,7,sqrt,15,15,100,"{'class_weight': 'balanced', 'max_depth': 7, 'max_features': 'sqrt', 'min_samples_leaf': 15, 'min_samples_split': 15, 'n_estimators': 100}",0.6749271137026239,0.6946064139941691,0.6946064139941691,0.717930029154519,0.7140773158278628,0.6992294573346689,0.015514633438722024,22
0.6034624576568604,0.02893511150035404,0.014631414413452148,0.0037586657360461633,balanced,7,sqrt,15,15,150,"{'class_weight': 'balanced', 'max_depth': 7, 'max_features': 'sqrt', 'min_samples_leaf': 15, 'min_samples_split': 15, 'n_estimators': 150}",0.6749271137026239,0.6946064139941691,0.6982507288629738,0.7193877551020408,0.7111597374179431,0.6996663498159501,0.015235934639541105,19
0.15617051124572753,0.006298809888378069,0.005745220184326172,0.00148618906512478,balanced,7,log2,5,5,50,"{'class_weight': 'balanced', 'max_depth': 7, 'max_features': 'log2', 'min_samples_leaf': 5, 'min_samples_split': 5, 'n_estimators': 50}",0.6756559766763849,0.6858600583090378,0.6865889212827988,0.7193877551020408,0.7060539752005836,0.6947093373141692,0.015779775412300828,28
0.2974395275115967,0.019294620805120875,0.00995326042175293,0.001670140760509985,balanced,7,log2,5,5,100,"{'class_weight': 'balanced', 'max_depth': 7, 'max_features': 'log2', 'min_samples_leaf': 5, 'min_samples_split': 5, 'n_estimators': 100}",0.6749271137026239,0.6858600583090378,0.6836734693877551,0.7128279883381924,0.7024070021881839,0.6919391263851586,0.013715726063931294,33
0.5905262470245362,0.028137901545518818,0.023732900619506836,0.009595067576196577,balanced,7,log2,5,5,150,"{'class_weight': 'balanced', 'max_depth': 7, 'max_features': 'log2', 'min_samples_leaf': 5, 'min_samples_split': 5, 'n_estimators': 150}",0.6676384839650146,0.685131195335277,0.6807580174927114,0.7120991253644315,0.7038657913931436,0.6898985227101155,0.01606074047819959,39
0.20524263381958008,0.02670508296350376,0.010022163391113281,0.003765786399629826,balanced,7,log2,5,10,50,"{'class_weight': 'balanced', 'max_depth': 7, 'max_features': 'log2', 'min_samples_leaf': 5, 'min_samples_split': 10, 'n_estimators': 50}",0.6756559766763849,0.6858600583090378,0.6865889212827988,0.7193877551020408,0.7060539752005836,0.6947093373141692,0.015779775412300828,28
0.5019278526306152,0.02903504232677901,0.013874530792236328,0.0035731481360633107,balanced,7,log2,5,10,100,"{'class_weight': 'balanced', 'max_depth': 7, 'max_features': 'log2', 'min_samples_leaf': 5, 'min_samples_split': 10, 'n_estimators': 100}",0.6749271137026239,0.6858600583090378,0.6836734693877551,0.7128279883381924,0.7024070021881839,0.6919391263851586,0.013715726063931294,33
0.6488452911376953,0.03860268299675356,0.016663742065429688,0.003414293692572864,balanced,7,log2,5,10,150,"{'class_weight': 'balanced', 'max_depth': 7, 'max_features': 'log2', 'min_samples_leaf': 5, 'min_samples_split': 10, 'n_estimators': 150}",0.6676384839650146,0.685131195335277,0.6807580174927114,0.7120991253644315,0.7038657913931436,0.6898985227101155,0.01606074047819959,39
0.19591808319091797,0.010702018524934865,0.007173967361450195,0.0018242518482399473,balanced,7,log2,5,15,50,"{'class_weight': 'balanced', 'max_depth': 7, 'max_features': 'log2', 'min_samples_leaf': 5, 'min_samples_split': 15, 'n_estimators': 50}",0.6647230320699709,0.6836734693877551,0.6793002915451894,0.7164723032069971,0.700218818380744,0.6888775829181313,0.017845682077156942,51
0.3364262104034424,0.012739458062185547,0.008463811874389649,0.001831570998304997,balanced,7,log2,5,15,100,"{'class_weight': 'balanced', 'max_depth': 7, 'max_features': 'log2', 'min_samples_leaf': 5, 'min_samples_split': 15, 'n_estimators': 100}",0.6647230320699709,0.685131195335277,0.6793002915451894,0.7186588921282799,0.6994894237782641,0.6894605669713962,0.01836867142348091,44
0.4330868721008301,0.022566163007600424,0.01189885139465332,0.0029648914805885684,balanced,7,log2,5,15,150,"{'class_weight': 'balanced', 'max_depth': 7, 'max_features': 'log2', 'min_samples_leaf': 5, 'min_samples_split': 15, 'n_estimators': 150}",0.6690962099125365,0.684402332361516,0.684402332361516,0.7128279883381924,0.7024070021881839,0.690627173032389,0.015314830921731169,35
0.1576941967010498,0.012881246647610948,0.004880714416503906,0.0005344111983601076,balanced,7,log2,10,5,50,"{'class_weight': 'balanced', 'max_depth': 7, 'max_features': 'log2', 'min_samples_leaf': 10, 'min_samples_split': 5, 'n_estimators': 50}",0.6800291545189504,0.6793002915451894,0.6887755102040817,0.717201166180758,0.7053245805981035,0.6941261406094166,0.014866216239129716,30
0.376827335357666,0.08032314039222507,0.022838830947875977,0.016691412981401615,balanced,7,log2,10,5,100,"{'class_weight': 'balanced', 'max_depth': 7, 'max_features': 'log2', 'min_samples_leaf': 10, 'min_samples_split': 5, 'n_estimators': 100}",0.674198250728863,0.6807580174927114,0.674198250728863,0.7128279883381924,0.7024070021881839,0.6888779018953628,0.015833887929405602,48
0.7148780822753906,0.019746706433909817,0.01818680763244629,0.0034557072981553673,balanced,7,log2,10,5,150,"{'class_weight': 'balanced', 'max_depth': 7, 'max_features': 'log2', 'min_samples_leaf': 10, 'min_samples_split': 5, 'n_estimators': 150}",0.673469387755102,0.6822157434402333,0.6814868804664723,0.7128279883381924,0.7016776075857039,0.6903355215171407,0.014582521679213006,36
0.18316783905029296,0.02840680982480754,0.006286478042602539,0.002755574188251123,balanced,7,log2,10,10,50,"{'class_weight': 'balanced', 'max_depth': 7, 'max_features': 'log2', 'min_samples_leaf': 10, 'min_samples_split': 10, 'n_estimators': 50}",0.6800291545189504,0.6793002915451894,0.6887755102040817,0.717201166180758,0.7053245805981035,0.6941261406094166,0.014866216239129716,30
0.3007635593414307,0.01762332995283639,0.009755420684814452,0.0028397332477294503,balanced,7,log2,10,10,100,"{'class_weight': 'balanced', 'max_depth': 7, 'max_features': 'log2', 'min_samples_leaf': 10, 'min_samples_split': 10, 'n_estimators': 100}",0.674198250728863,0.6807580174927114,0.674198250728863,0.7128279883381924,0.7024070021881839,0.6888779018953628,0.015833887929405602,48
0.44110908508300783,0.010117783666666458,0.013837766647338868,0.0017339068847317003,balanced,7,log2,10,10,150,"{'class_weight': 'balanced', 'max_depth': 7, 'max_features': 'log2', 'min_samples_leaf': 10, 'min_samples_split': 10, 'n_estimators': 150}",0.673469387755102,0.6822157434402333,0.6814868804664723,0.7128279883381924,0.7016776075857039,0.6903355215171407,0.014582521679213006,36
0.14597835540771484,0.007760780357511028,0.006235790252685547,0.003006577165720159,balanced,7,log2,10,15,50,"{'class_weight': 'balanced', 'max_depth': 7, 'max_features': 'log2', 'min_samples_leaf': 10, 'min_samples_split': 15, 'n_estimators': 50}",0.6800291545189504,0.6793002915451894,0.6887755102040817,0.717201166180758,0.7053245805981035,0.6941261406094166,0.014866216239129716,30
0.27571873664855956,0.010066273933939258,0.007930183410644531,0.0013841031096302565,balanced,7,log2,10,15,100,"{'class_weight': 'balanced', 'max_depth': 7, 'max_features': 'log2', 'min_samples_leaf': 10, 'min_samples_split': 15, 'n_estimators': 100}",0.674198250728863,0.6807580174927114,0.674198250728863,0.7128279883381924,0.7024070021881839,0.6888779018953628,0.015833887929405602,48
0.42373127937316896,0.014966508571251801,0.014963769912719726,0.0034656214187797586,balanced,7,log2,10,15,150,"{'class_weight': 'balanced', 'max_depth': 7, 'max_features': 'log2', 'min_samples_leaf': 10, 'min_samples_split': 15, 'n_estimators': 150}",0.673469387755102,0.6822157434402333,0.6814868804664723,0.7128279883381924,0.7016776075857039,0.6903355215171407,0.014582521679213006,36
0.1374894618988037,0.008713099237538841,0.006630802154541015,0.0013243283613283286,balanced,7,log2,15,5,50,"{'class_weight': 'balanced', 'max_depth': 7, 'max_features': 'log2', 'min_samples_leaf': 15, 'min_samples_split': 5, 'n_estimators': 50}",0.6712827988338192,0.6865889212827988,0.6793002915451894,0.706997084548105,0.7016776075857039,0.6891693407591232,0.013403508993670366,45
0.27768354415893554,0.010507295160182433,0.009320783615112304,0.0029358314591425546,balanced,7,log2,15,5,100,"{'class_weight': 'balanced', 'max_depth': 7, 'max_features': 'log2', 'min_samples_leaf': 15, 'min_samples_split': 5, 'n_estimators': 100}",0.6712827988338192,0.6836734693877551,0.6785714285714286,0.7026239067055393,0.712618526622903,0.689754026024289,0.015437804928799996,41
0.42424683570861815,0.03501589654938732,0.011647510528564452,0.003097415020957406,balanced,7,log2,15,5,150,"{'class_weight': 'balanced', 'max_depth': 7, 'max_features': 'log2', 'min_samples_leaf': 15, 'min_samples_split': 5, 'n_estimators': 150}",0.672740524781341,0.6785714285714286,0.6756559766763849,0.706997084548105,0.7097009482129832,0.6887331925580484,0.016144701749992364,52
0.1378568649291992,0.008378311789951248,0.006246376037597656,0.001188946208202587,balanced,7,log2,15,10,50,"{'class_weight': 'balanced', 'max_depth': 7, 'max_features': 'log2', 'min_samples_leaf': 15, 'min_samples_split': 10, 'n_estimators': 50}",0.6712827988338192,0.6865889212827988,0.6793002915451894,0.706997084548105,0.7016776075857039,0.6891693407591232,0.013403508993670366,45
0.2884968757629395,0.01840296923072638,0.02022833824157715,0.02070215484380301,balanced,7,log2,15,10,100,"{'class_weight': 'balanced', 'max_depth': 7, 'max_features': 'log2', 'min_samples_leaf': 15, 'min_samples_split': 10, 'n_estimators': 100}",0.6712827988338192,0.6836734693877551,0.6785714285714286,0.7026239067055393,0.712618526622903,0.689754026024289,0.015437804928799996,41
0.4202106952667236,0.02439248472092266,0.011854267120361328,0.002338145148347374,balanced,7,log2,15,10,150,"{'class_weight': 'balanced', 'max_depth': 7, 'max_features': 'log2', 'min_samples_leaf': 15, 'min_samples_split': 10, 'n_estimators': 150}",0.672740524781341,0.6785714285714286,0.6756559766763849,0.706997084548105,0.7097009482129832,0.6887331925580484,0.016144701749992364,52
0.14579396247863768,0.0049842439509347565,0.005998373031616211,0.002055734757649196,balanced,7,log2,15,15,50,"{'class_weight': 'balanced', 'max_depth': 7, 'max_features': 'log2', 'min_samples_leaf': 15, 'min_samples_split': 15, 'n_estimators': 50}",0.6712827988338192,0.6865889212827988,0.6793002915451894,0.706997084548105,0.7016776075857039,0.6891693407591232,0.013403508993670366,45
0.3474253177642822,0.016142478015445674,0.008275985717773438,0.0016487576981706609,balanced,7,log2,15,15,100,"{'class_weight': 'balanced', 'max_depth': 7, 'max_features': 'log2', 'min_samples_leaf': 15, 'min_samples_split': 15, 'n_estimators': 100}",0.6712827988338192,0.6836734693877551,0.6785714285714286,0.7026239067055393,0.712618526622903,0.689754026024289,0.015437804928799996,41
0.40309996604919435,0.06809237218710726,0.009101390838623047,0.00028213741844060965,balanced,7,log2,15,15,150,"{'class_weight': 'balanced', 'max_depth': 7, 'max_features': 'log2', 'min_samples_leaf': 15, 'min_samples_split': 15, 'n_estimators': 150}",0.672740524781341,0.6785714285714286,0.6756559766763849,0.706997084548105,0.7097009482129832,0.6887331925580484,0.016144701749992364,52
